ISO-10303-21;
HEADER;
/* Generated by software containing ST-Developer
 * from STEP Tools, Inc. (www.steptools.com) 
 */
/* OPTION: using custom renumber hook */

FILE_DESCRIPTION(
/* description */ ('STEP AP242 Edition 2',
'CAx-IF Rec.Pracs.---Representation and Presentation of Product Manufa
cturing Information (PMI)---4.0---2014-10-13',
'CAx-IF Rec.Pracs.---3D Tessellated Geometry---0.4---2014-09-14','2;1',
'CAx-IF Rec.Pracs.---User Defined Attributes---1.5---2016-08-15'),
/* implementation_level */ '2;1');

FILE_NAME(
/* name */ 'Assembly 1 - Part 87',
/* time_stamp */ '2026-09-05T16:47:59Z',
/* author */ (''),
/* organization */ (''),
/* preprocessor_version */ 'ST-DEVELOPER v20',
/* originating_system */ 'ONSHAPE BY PTC INC, 1.220',
/* authorisation */ '  ');

FILE_SCHEMA (('AP242_MANAGED_MODEL_BASED_3D_ENGINEERING_MIM_LF { 1 0 10303 442 3 1 4 }'));
ENDSEC;

DATA;
#10=SHAPE_REPRESENTATION_RELATIONSHIP('','',#1671,#11);
#11=ADVANCED_BREP_SHAPE_REPRESENTATION('',(#1669),#2917);
#12=CONICAL_SURFACE('',#1816,0.004,0.78539816339745);
#13=CONICAL_SURFACE('',#1819,0.004,0.785398163397452);
#14=CONICAL_SURFACE('',#1820,0.004,0.785398163397452);
#15=CONICAL_SURFACE('',#1823,0.00399999999999995,0.785398163397455);
#16=(
BOUNDED_SURFACE()
B_SPLINE_SURFACE(3,2,((#2688,#2689,#2690),(#2691,#2692,#2693),(#2694,#2695,
#2696),(#2697,#2698,#2699)),.UNSPECIFIED.,.F.,.F.,.F.)
B_SPLINE_SURFACE_WITH_KNOTS((4,4),(3,3),(0.000485665562103739,0.00124053692005702),
(0.,1.),.PIECEWISE_BEZIER_KNOTS.)
GEOMETRIC_REPRESENTATION_ITEM()
RATIONAL_B_SPLINE_SURFACE(((1.,0.735872537565214,1.),(1.,0.735872527833872,
1.),(1.,0.716015693750172,1.),(1.,0.70710678118652,1.)))
REPRESENTATION_ITEM('')
SURFACE()
);
#17=(
BOUNDED_SURFACE()
B_SPLINE_SURFACE(3,2,((#2716,#2717,#2718),(#2719,#2720,#2721),(#2722,#2723,
#2724),(#2725,#2726,#2727)),.UNSPECIFIED.,.F.,.F.,.F.)
B_SPLINE_SURFACE_WITH_KNOTS((4,4),(3,3),(0.000485665562103737,0.00124053692005698),
(0.,1.),.PIECEWISE_BEZIER_KNOTS.)
GEOMETRIC_REPRESENTATION_ITEM()
RATIONAL_B_SPLINE_SURFACE(((1.,0.735872537565214,1.),(1.,0.735872527833872,
1.),(1.,0.716015693751636,1.),(1.,0.707106781186534,1.)))
REPRESENTATION_ITEM('')
SURFACE()
);
#18=(
BOUNDED_SURFACE()
B_SPLINE_SURFACE(3,2,((#2740,#2741,#2742),(#2743,#2744,#2745),(#2746,#2747,
#2748),(#2749,#2750,#2751)),.UNSPECIFIED.,.F.,.F.,.F.)
B_SPLINE_SURFACE_WITH_KNOTS((4,4),(3,3),(0.000485747055524121,0.00124059635894948),
(0.,1.),.PIECEWISE_BEZIER_KNOTS.)
GEOMETRIC_REPRESENTATION_ITEM()
RATIONAL_B_SPLINE_SURFACE(((1.,0.678939945103729,1.),(1.,0.678939955036306,
1.),(1.,0.698727624556994,1.),(1.,0.707106781186602,1.)))
REPRESENTATION_ITEM('')
SURFACE()
);
#19=(
BOUNDED_SURFACE()
B_SPLINE_SURFACE(3,2,((#2760,#2761,#2762),(#2763,#2764,#2765),(#2766,#2767,
#2768),(#2769,#2770,#2771)),.UNSPECIFIED.,.F.,.F.,.F.)
B_SPLINE_SURFACE_WITH_KNOTS((4,4),(3,3),(0.000485747055524106,0.00124059635894947),
(0.,1.),.PIECEWISE_BEZIER_KNOTS.)
GEOMETRIC_REPRESENTATION_ITEM()
RATIONAL_B_SPLINE_SURFACE(((1.,0.678939945103729,1.),(1.,0.678939955036292,
1.),(1.,0.698727624556994,1.),(1.,0.707106781186602,1.)))
REPRESENTATION_ITEM('')
SURFACE()
);
#20=TOROIDAL_SURFACE('',#1739,0.00072426,0.00036213);
#21=TOROIDAL_SURFACE('',#1742,0.00072426,0.00036213);
#22=TOROIDAL_SURFACE('',#1756,0.00072426,0.00036213);
#23=TOROIDAL_SURFACE('',#1758,0.00072426,0.00036213);
#24=TOROIDAL_SURFACE('',#1760,0.00072426,0.00036213);
#25=TOROIDAL_SURFACE('',#1763,0.00072426,0.00036213);
#26=TOROIDAL_SURFACE('',#1775,0.00072426,0.00036213);
#27=TOROIDAL_SURFACE('',#1777,0.00072426,0.00036213);
#28=TOROIDAL_SURFACE('',#1824,0.00436213,0.00036213);
#29=TOROIDAL_SURFACE('',#1831,0.00436212999999995,0.00036213);
#30=TOROIDAL_SURFACE('',#1833,0.00436213,0.00036213);
#31=TOROIDAL_SURFACE('',#1839,0.00436213,0.00036213);
#32=TOROIDAL_SURFACE('',#1840,0.00463787,0.00036213);
#33=TOROIDAL_SURFACE('',#1847,0.00463787,0.00036213);
#34=TOROIDAL_SURFACE('',#1849,0.00463787,0.00036213);
#35=TOROIDAL_SURFACE('',#1855,0.00463787,0.00036213);
#36=B_SPLINE_CURVE_WITH_KNOTS('',3,(#2459,#2460,#2461,#2462),
 .UNSPECIFIED.,.F.,.F.,(4,4),(0.,0.000783198739686309),.UNSPECIFIED.);
#37=B_SPLINE_CURVE_WITH_KNOTS('',3,(#2466,#2467,#2468,#2469),
 .UNSPECIFIED.,.F.,.F.,(4,4),(0.,0.000772535641932853),.UNSPECIFIED.);
#38=B_SPLINE_CURVE_WITH_KNOTS('',3,(#2605,#2606,#2607,#2608),
 .UNSPECIFIED.,.F.,.F.,(4,4),(0.,0.000747556787901518),.UNSPECIFIED.);
#39=B_SPLINE_CURVE_WITH_KNOTS('',3,(#2612,#2613,#2614,#2615),
 .UNSPECIFIED.,.F.,.F.,(4,4),(0.,0.000738244875994158),.UNSPECIFIED.);
#40=B_SPLINE_CURVE_WITH_KNOTS('',3,(#2700,#2701,#2702,#2703),
 .UNSPECIFIED.,.F.,.F.,(4,4),(0.,0.00037803983768542),.UNSPECIFIED.);
#41=B_SPLINE_CURVE_WITH_KNOTS('',3,(#2712,#2713,#2714,#2715),
 .UNSPECIFIED.,.F.,.F.,(4,4),(0.,0.000378001566941263),.UNSPECIFIED.);
#42=B_SPLINE_CURVE_WITH_KNOTS('',3,(#2728,#2729,#2730,#2731),
 .UNSPECIFIED.,.F.,.F.,(4,4),(0.,0.000383150226320787),.UNSPECIFIED.);
#43=B_SPLINE_CURVE_WITH_KNOTS('',3,(#2754,#2755,#2756,#2757),
 .UNSPECIFIED.,.F.,.F.,(4,4),(0.,0.000383095963723197),.UNSPECIFIED.);
#44=CYLINDRICAL_SURFACE('',#1685,0.005);
#45=CYLINDRICAL_SURFACE('',#1688,0.005);
#46=CYLINDRICAL_SURFACE('',#1692,0.005);
#47=CYLINDRICAL_SURFACE('',#1700,0.005);
#48=CYLINDRICAL_SURFACE('',#1718,0.004);
#49=CYLINDRICAL_SURFACE('',#1721,0.004);
#50=CYLINDRICAL_SURFACE('',#1725,0.00399999999999995);
#51=CYLINDRICAL_SURFACE('',#1728,0.004);
#52=CYLINDRICAL_SURFACE('',#1736,0.00036213);
#53=CYLINDRICAL_SURFACE('',#1745,0.00036213);
#54=CYLINDRICAL_SURFACE('',#1747,0.00036213);
#55=CYLINDRICAL_SURFACE('',#1750,0.00036213);
#56=CYLINDRICAL_SURFACE('',#1752,0.00036213);
#57=CYLINDRICAL_SURFACE('',#1754,0.00036213);
#58=CYLINDRICAL_SURFACE('',#1767,0.00036213);
#59=CYLINDRICAL_SURFACE('',#1769,0.00036213);
#60=CYLINDRICAL_SURFACE('',#1771,0.00036213);
#61=CYLINDRICAL_SURFACE('',#1773,0.00036213);
#62=CYLINDRICAL_SURFACE('',#1781,0.00036213);
#63=CYLINDRICAL_SURFACE('',#1782,0.00036213);
#64=CYLINDRICAL_SURFACE('',#1787,0.00174581309932875);
#65=CYLINDRICAL_SURFACE('',#1795,0.00172655651189868);
#66=CYLINDRICAL_SURFACE('',#1807,0.00176249976182841);
#67=CYLINDRICAL_SURFACE('',#1815,0.00174889893493775);
#68=CYLINDRICAL_SURFACE('',#1827,0.00036213);
#69=CYLINDRICAL_SURFACE('',#1829,0.00036213);
#70=CYLINDRICAL_SURFACE('',#1835,0.00036213);
#71=CYLINDRICAL_SURFACE('',#1837,0.00036213);
#72=CYLINDRICAL_SURFACE('',#1843,0.00036213);
#73=CYLINDRICAL_SURFACE('',#1845,0.00036213);
#74=CYLINDRICAL_SURFACE('',#1851,0.00036213);
#75=CYLINDRICAL_SURFACE('',#1853,0.00036213);
#76=CYLINDRICAL_SURFACE('',#1857,0.00195020911335768);
#77=CYLINDRICAL_SURFACE('',#1859,0.00188427194727782);
#78=CIRCLE('',#1674,0.00195020911335768);
#79=CIRCLE('',#1675,0.00188427194727782);
#80=CIRCLE('',#1677,0.00195020911335768);
#81=CIRCLE('',#1678,0.00188427194727782);
#82=CIRCLE('',#1680,0.00072426);
#83=CIRCLE('',#1681,0.00072426);
#84=CIRCLE('',#1682,0.00072426);
#85=CIRCLE('',#1683,0.00072426);
#86=CIRCLE('',#1686,0.005);
#87=CIRCLE('',#1687,0.005);
#88=CIRCLE('',#1689,0.005);
#89=CIRCLE('',#1690,0.005);
#90=CIRCLE('',#1693,0.005);
#91=CIRCLE('',#1694,0.005);
#92=CIRCLE('',#1696,0.00072426);
#93=CIRCLE('',#1697,0.00072426);
#94=CIRCLE('',#1698,0.00072426);
#95=CIRCLE('',#1699,0.00072426);
#96=CIRCLE('',#1701,0.005);
#97=CIRCLE('',#1702,0.005);
#98=CIRCLE('',#1704,0.00436213);
#99=CIRCLE('',#1705,0.00436213);
#100=CIRCLE('',#1706,0.00436213);
#101=CIRCLE('',#1707,0.00436212999999995);
#102=CIRCLE('',#1708,0.00463787);
#103=CIRCLE('',#1709,0.00463787);
#104=CIRCLE('',#1710,0.00463787);
#105=CIRCLE('',#1711,0.00463787);
#106=CIRCLE('',#1713,0.00399999999999995);
#107=CIRCLE('',#1714,0.004);
#108=CIRCLE('',#1715,0.004);
#109=CIRCLE('',#1716,0.004);
#110=CIRCLE('',#1719,0.004);
#111=CIRCLE('',#1720,0.004);
#112=CIRCLE('',#1722,0.004);
#113=CIRCLE('',#1723,0.004);
#114=CIRCLE('',#1726,0.00399999999999995);
#115=CIRCLE('',#1727,0.00399999999999995);
#116=CIRCLE('',#1729,0.004);
#117=CIRCLE('',#1730,0.004);
#118=CIRCLE('',#1737,0.00036213);
#119=CIRCLE('',#1738,0.00036213);
#120=CIRCLE('',#1740,0.00036213);
#121=CIRCLE('',#1741,0.00036213);
#122=CIRCLE('',#1743,0.00036213);
#123=CIRCLE('',#1744,0.00036213);
#124=CIRCLE('',#1746,0.00036213);
#125=CIRCLE('',#1748,0.00036213);
#126=CIRCLE('',#1749,0.00036213);
#127=CIRCLE('',#1751,0.00036213);
#128=CIRCLE('',#1753,0.00036213);
#129=CIRCLE('',#1755,0.00036213);
#130=CIRCLE('',#1757,0.00036213);
#131=CIRCLE('',#1759,0.00036213);
#132=CIRCLE('',#1761,0.00036213);
#133=CIRCLE('',#1762,0.00036213);
#134=CIRCLE('',#1764,0.00036213);
#135=CIRCLE('',#1765,0.00036213);
#136=CIRCLE('',#1766,0.00036213);
#137=CIRCLE('',#1768,0.00036213);
#138=CIRCLE('',#1770,0.00036213);
#139=CIRCLE('',#1772,0.00036213);
#140=CIRCLE('',#1774,0.00036213);
#141=CIRCLE('',#1776,0.00036213);
#142=CIRCLE('',#1778,0.00036213);
#143=CIRCLE('',#1779,0.00036213);
#144=CIRCLE('',#1780,0.00036213);
#145=CIRCLE('',#1783,0.00036213);
#146=CIRCLE('',#1788,0.00174581309932875);
#147=CIRCLE('',#1789,0.00174581309932875);
#148=CIRCLE('',#1796,0.00172655651189868);
#149=CIRCLE('',#1797,0.00172655651189868);
#150=CIRCLE('',#1803,0.00176249976182841);
#151=CIRCLE('',#1805,0.00176249976182841);
#152=CIRCLE('',#1811,0.00174889893493775);
#153=CIRCLE('',#1813,0.00174889893493775);
#154=CIRCLE('',#1825,0.00036213);
#155=CIRCLE('',#1826,0.00036213);
#156=CIRCLE('',#1828,0.00036213);
#157=CIRCLE('',#1830,0.00036213);
#158=CIRCLE('',#1832,0.00036213);
#159=CIRCLE('',#1834,0.00036213);
#160=CIRCLE('',#1836,0.00036213);
#161=CIRCLE('',#1838,0.00036213);
#162=CIRCLE('',#1841,0.00036213);
#163=CIRCLE('',#1842,0.00036213);
#164=CIRCLE('',#1844,0.00036213);
#165=CIRCLE('',#1846,0.00036213);
#166=CIRCLE('',#1848,0.00036213);
#167=CIRCLE('',#1850,0.00036213);
#168=CIRCLE('',#1852,0.00036213);
#169=CIRCLE('',#1854,0.00036213);
#170=ORIENTED_EDGE('',*,*,#638,.F.);
#171=ORIENTED_EDGE('',*,*,#639,.T.);
#172=ORIENTED_EDGE('',*,*,#640,.T.);
#173=ORIENTED_EDGE('',*,*,#641,.T.);
#174=ORIENTED_EDGE('',*,*,#642,.F.);
#175=ORIENTED_EDGE('',*,*,#643,.T.);
#176=ORIENTED_EDGE('',*,*,#644,.F.);
#177=ORIENTED_EDGE('',*,*,#645,.F.);
#178=ORIENTED_EDGE('',*,*,#646,.F.);
#179=ORIENTED_EDGE('',*,*,#647,.T.);
#180=ORIENTED_EDGE('',*,*,#648,.T.);
#181=ORIENTED_EDGE('',*,*,#649,.T.);
#182=ORIENTED_EDGE('',*,*,#650,.F.);
#183=ORIENTED_EDGE('',*,*,#651,.T.);
#184=ORIENTED_EDGE('',*,*,#652,.T.);
#185=ORIENTED_EDGE('',*,*,#653,.T.);
#186=ORIENTED_EDGE('',*,*,#654,.F.);
#187=ORIENTED_EDGE('',*,*,#655,.T.);
#188=ORIENTED_EDGE('',*,*,#656,.T.);
#189=ORIENTED_EDGE('',*,*,#657,.T.);
#190=ORIENTED_EDGE('',*,*,#658,.T.);
#191=ORIENTED_EDGE('',*,*,#659,.F.);
#192=ORIENTED_EDGE('',*,*,#660,.T.);
#193=ORIENTED_EDGE('',*,*,#661,.F.);
#194=ORIENTED_EDGE('',*,*,#662,.T.);
#195=ORIENTED_EDGE('',*,*,#663,.T.);
#196=ORIENTED_EDGE('',*,*,#664,.T.);
#197=ORIENTED_EDGE('',*,*,#665,.F.);
#198=ORIENTED_EDGE('',*,*,#666,.F.);
#199=ORIENTED_EDGE('',*,*,#667,.T.);
#200=ORIENTED_EDGE('',*,*,#668,.T.);
#201=ORIENTED_EDGE('',*,*,#669,.T.);
#202=ORIENTED_EDGE('',*,*,#668,.F.);
#203=ORIENTED_EDGE('',*,*,#670,.T.);
#204=ORIENTED_EDGE('',*,*,#638,.T.);
#205=ORIENTED_EDGE('',*,*,#671,.T.);
#206=ORIENTED_EDGE('',*,*,#640,.F.);
#207=ORIENTED_EDGE('',*,*,#672,.T.);
#208=ORIENTED_EDGE('',*,*,#673,.T.);
#209=ORIENTED_EDGE('',*,*,#674,.T.);
#210=ORIENTED_EDGE('',*,*,#673,.F.);
#211=ORIENTED_EDGE('',*,*,#675,.T.);
#212=ORIENTED_EDGE('',*,*,#676,.T.);
#213=ORIENTED_EDGE('',*,*,#677,.T.);
#214=ORIENTED_EDGE('',*,*,#676,.F.);
#215=ORIENTED_EDGE('',*,*,#678,.T.);
#216=ORIENTED_EDGE('',*,*,#679,.T.);
#217=ORIENTED_EDGE('',*,*,#680,.T.);
#218=ORIENTED_EDGE('',*,*,#681,.T.);
#219=ORIENTED_EDGE('',*,*,#682,.T.);
#220=ORIENTED_EDGE('',*,*,#683,.T.);
#221=ORIENTED_EDGE('',*,*,#684,.T.);
#222=ORIENTED_EDGE('',*,*,#679,.F.);
#223=ORIENTED_EDGE('',*,*,#685,.T.);
#224=ORIENTED_EDGE('',*,*,#686,.T.);
#225=ORIENTED_EDGE('',*,*,#687,.T.);
#226=ORIENTED_EDGE('',*,*,#683,.F.);
#227=ORIENTED_EDGE('',*,*,#688,.T.);
#228=ORIENTED_EDGE('',*,*,#689,.T.);
#229=ORIENTED_EDGE('',*,*,#690,.F.);
#230=ORIENTED_EDGE('',*,*,#691,.T.);
#231=ORIENTED_EDGE('',*,*,#692,.F.);
#232=ORIENTED_EDGE('',*,*,#693,.T.);
#233=ORIENTED_EDGE('',*,*,#694,.T.);
#234=ORIENTED_EDGE('',*,*,#686,.F.);
#235=ORIENTED_EDGE('',*,*,#695,.T.);
#236=ORIENTED_EDGE('',*,*,#666,.T.);
#237=ORIENTED_EDGE('',*,*,#696,.T.);
#238=ORIENTED_EDGE('',*,*,#697,.T.);
#239=ORIENTED_EDGE('',*,*,#698,.T.);
#240=ORIENTED_EDGE('',*,*,#699,.T.);
#241=ORIENTED_EDGE('',*,*,#700,.T.);
#242=ORIENTED_EDGE('',*,*,#701,.T.);
#243=ORIENTED_EDGE('',*,*,#702,.T.);
#244=ORIENTED_EDGE('',*,*,#703,.T.);
#245=ORIENTED_EDGE('',*,*,#704,.T.);
#246=ORIENTED_EDGE('',*,*,#705,.T.);
#247=ORIENTED_EDGE('',*,*,#706,.T.);
#248=ORIENTED_EDGE('',*,*,#707,.T.);
#249=ORIENTED_EDGE('',*,*,#708,.T.);
#250=ORIENTED_EDGE('',*,*,#709,.T.);
#251=ORIENTED_EDGE('',*,*,#710,.T.);
#252=ORIENTED_EDGE('',*,*,#711,.T.);
#253=ORIENTED_EDGE('',*,*,#712,.T.);
#254=ORIENTED_EDGE('',*,*,#713,.T.);
#255=ORIENTED_EDGE('',*,*,#714,.T.);
#256=ORIENTED_EDGE('',*,*,#715,.T.);
#257=ORIENTED_EDGE('',*,*,#716,.T.);
#258=ORIENTED_EDGE('',*,*,#717,.T.);
#259=ORIENTED_EDGE('',*,*,#718,.T.);
#260=ORIENTED_EDGE('',*,*,#719,.T.);
#261=ORIENTED_EDGE('',*,*,#720,.T.);
#262=ORIENTED_EDGE('',*,*,#721,.F.);
#263=ORIENTED_EDGE('',*,*,#722,.T.);
#264=ORIENTED_EDGE('',*,*,#723,.T.);
#265=ORIENTED_EDGE('',*,*,#724,.F.);
#266=ORIENTED_EDGE('',*,*,#725,.F.);
#267=ORIENTED_EDGE('',*,*,#726,.T.);
#268=ORIENTED_EDGE('',*,*,#727,.T.);
#269=ORIENTED_EDGE('',*,*,#728,.F.);
#270=ORIENTED_EDGE('',*,*,#729,.F.);
#271=ORIENTED_EDGE('',*,*,#730,.T.);
#272=ORIENTED_EDGE('',*,*,#731,.T.);
#273=ORIENTED_EDGE('',*,*,#732,.T.);
#274=ORIENTED_EDGE('',*,*,#648,.F.);
#275=ORIENTED_EDGE('',*,*,#733,.T.);
#276=ORIENTED_EDGE('',*,*,#729,.T.);
#277=ORIENTED_EDGE('',*,*,#734,.T.);
#278=ORIENTED_EDGE('',*,*,#735,.F.);
#279=ORIENTED_EDGE('',*,*,#736,.T.);
#280=ORIENTED_EDGE('',*,*,#646,.T.);
#281=ORIENTED_EDGE('',*,*,#737,.T.);
#282=ORIENTED_EDGE('',*,*,#738,.F.);
#283=ORIENTED_EDGE('',*,*,#739,.F.);
#284=ORIENTED_EDGE('',*,*,#740,.T.);
#285=ORIENTED_EDGE('',*,*,#741,.T.);
#286=ORIENTED_EDGE('',*,*,#742,.F.);
#287=ORIENTED_EDGE('',*,*,#743,.F.);
#288=ORIENTED_EDGE('',*,*,#744,.T.);
#289=ORIENTED_EDGE('',*,*,#745,.T.);
#290=ORIENTED_EDGE('',*,*,#746,.F.);
#291=ORIENTED_EDGE('',*,*,#747,.T.);
#292=ORIENTED_EDGE('',*,*,#735,.T.);
#293=ORIENTED_EDGE('',*,*,#748,.F.);
#294=ORIENTED_EDGE('',*,*,#656,.F.);
#295=ORIENTED_EDGE('',*,*,#749,.T.);
#296=ORIENTED_EDGE('',*,*,#746,.T.);
#297=ORIENTED_EDGE('',*,*,#750,.T.);
#298=ORIENTED_EDGE('',*,*,#664,.F.);
#299=ORIENTED_EDGE('',*,*,#751,.T.);
#300=ORIENTED_EDGE('',*,*,#752,.T.);
#301=ORIENTED_EDGE('',*,*,#753,.T.);
#302=ORIENTED_EDGE('',*,*,#731,.F.);
#303=ORIENTED_EDGE('',*,*,#754,.T.);
#304=ORIENTED_EDGE('',*,*,#654,.T.);
#305=ORIENTED_EDGE('',*,*,#755,.T.);
#306=ORIENTED_EDGE('',*,*,#732,.F.);
#307=ORIENTED_EDGE('',*,*,#755,.F.);
#308=ORIENTED_EDGE('',*,*,#665,.T.);
#309=ORIENTED_EDGE('',*,*,#750,.F.);
#310=ORIENTED_EDGE('',*,*,#748,.T.);
#311=ORIENTED_EDGE('',*,*,#737,.F.);
#312=ORIENTED_EDGE('',*,*,#649,.F.);
#313=ORIENTED_EDGE('',*,*,#734,.F.);
#314=ORIENTED_EDGE('',*,*,#756,.T.);
#315=ORIENTED_EDGE('',*,*,#757,.T.);
#316=ORIENTED_EDGE('',*,*,#758,.T.);
#317=ORIENTED_EDGE('',*,*,#759,.T.);
#318=ORIENTED_EDGE('',*,*,#760,.T.);
#319=ORIENTED_EDGE('',*,*,#761,.T.);
#320=ORIENTED_EDGE('',*,*,#762,.T.);
#321=ORIENTED_EDGE('',*,*,#763,.T.);
#322=ORIENTED_EDGE('',*,*,#764,.T.);
#323=ORIENTED_EDGE('',*,*,#765,.T.);
#324=ORIENTED_EDGE('',*,*,#766,.T.);
#325=ORIENTED_EDGE('',*,*,#767,.T.);
#326=ORIENTED_EDGE('',*,*,#768,.T.);
#327=ORIENTED_EDGE('',*,*,#769,.T.);
#328=ORIENTED_EDGE('',*,*,#770,.T.);
#329=ORIENTED_EDGE('',*,*,#771,.T.);
#330=ORIENTED_EDGE('',*,*,#772,.F.);
#331=ORIENTED_EDGE('',*,*,#766,.F.);
#332=ORIENTED_EDGE('',*,*,#773,.F.);
#333=ORIENTED_EDGE('',*,*,#763,.F.);
#334=ORIENTED_EDGE('',*,*,#774,.F.);
#335=ORIENTED_EDGE('',*,*,#772,.T.);
#336=ORIENTED_EDGE('',*,*,#775,.F.);
#337=ORIENTED_EDGE('',*,*,#690,.T.);
#338=ORIENTED_EDGE('',*,*,#776,.F.);
#339=ORIENTED_EDGE('',*,*,#661,.T.);
#340=ORIENTED_EDGE('',*,*,#777,.F.);
#341=ORIENTED_EDGE('',*,*,#773,.T.);
#342=ORIENTED_EDGE('',*,*,#777,.T.);
#343=ORIENTED_EDGE('',*,*,#660,.F.);
#344=ORIENTED_EDGE('',*,*,#778,.F.);
#345=ORIENTED_EDGE('',*,*,#760,.F.);
#346=ORIENTED_EDGE('',*,*,#779,.F.);
#347=ORIENTED_EDGE('',*,*,#761,.F.);
#348=ORIENTED_EDGE('',*,*,#780,.F.);
#349=ORIENTED_EDGE('',*,*,#759,.F.);
#350=ORIENTED_EDGE('',*,*,#775,.T.);
#351=ORIENTED_EDGE('',*,*,#762,.F.);
#352=ORIENTED_EDGE('',*,*,#781,.F.);
#353=ORIENTED_EDGE('',*,*,#691,.F.);
#354=ORIENTED_EDGE('',*,*,#774,.T.);
#355=ORIENTED_EDGE('',*,*,#689,.F.);
#356=ORIENTED_EDGE('',*,*,#782,.F.);
#357=ORIENTED_EDGE('',*,*,#767,.F.);
#358=ORIENTED_EDGE('',*,*,#776,.T.);
#359=ORIENTED_EDGE('',*,*,#765,.F.);
#360=ORIENTED_EDGE('',*,*,#783,.F.);
#361=ORIENTED_EDGE('',*,*,#662,.F.);
#362=ORIENTED_EDGE('',*,*,#778,.T.);
#363=ORIENTED_EDGE('',*,*,#659,.T.);
#364=ORIENTED_EDGE('',*,*,#784,.F.);
#365=ORIENTED_EDGE('',*,*,#780,.T.);
#366=ORIENTED_EDGE('',*,*,#781,.T.);
#367=ORIENTED_EDGE('',*,*,#779,.T.);
#368=ORIENTED_EDGE('',*,*,#785,.F.);
#369=ORIENTED_EDGE('',*,*,#692,.T.);
#370=ORIENTED_EDGE('',*,*,#782,.T.);
#371=ORIENTED_EDGE('',*,*,#688,.F.);
#372=ORIENTED_EDGE('',*,*,#786,.F.);
#373=ORIENTED_EDGE('',*,*,#787,.F.);
#374=ORIENTED_EDGE('',*,*,#663,.F.);
#375=ORIENTED_EDGE('',*,*,#783,.T.);
#376=ORIENTED_EDGE('',*,*,#788,.F.);
#377=ORIENTED_EDGE('',*,*,#789,.T.);
#378=ORIENTED_EDGE('',*,*,#790,.F.);
#379=ORIENTED_EDGE('',*,*,#791,.F.);
#380=ORIENTED_EDGE('',*,*,#751,.F.);
#381=ORIENTED_EDGE('',*,*,#789,.F.);
#382=ORIENTED_EDGE('',*,*,#791,.T.);
#383=ORIENTED_EDGE('',*,*,#770,.F.);
#384=ORIENTED_EDGE('',*,*,#792,.F.);
#385=ORIENTED_EDGE('',*,*,#752,.F.);
#386=ORIENTED_EDGE('',*,*,#784,.T.);
#387=ORIENTED_EDGE('',*,*,#658,.F.);
#388=ORIENTED_EDGE('',*,*,#793,.F.);
#389=ORIENTED_EDGE('',*,*,#756,.F.);
#390=ORIENTED_EDGE('',*,*,#785,.T.);
#391=ORIENTED_EDGE('',*,*,#758,.F.);
#392=ORIENTED_EDGE('',*,*,#794,.F.);
#393=ORIENTED_EDGE('',*,*,#693,.F.);
#394=ORIENTED_EDGE('',*,*,#764,.F.);
#395=ORIENTED_EDGE('',*,*,#787,.T.);
#396=ORIENTED_EDGE('',*,*,#795,.F.);
#397=ORIENTED_EDGE('',*,*,#771,.F.);
#398=ORIENTED_EDGE('',*,*,#790,.T.);
#399=ORIENTED_EDGE('',*,*,#788,.T.);
#400=ORIENTED_EDGE('',*,*,#753,.F.);
#401=ORIENTED_EDGE('',*,*,#792,.T.);
#402=ORIENTED_EDGE('',*,*,#796,.F.);
#403=ORIENTED_EDGE('',*,*,#797,.T.);
#404=ORIENTED_EDGE('',*,*,#657,.F.);
#405=ORIENTED_EDGE('',*,*,#797,.F.);
#406=ORIENTED_EDGE('',*,*,#798,.F.);
#407=ORIENTED_EDGE('',*,*,#793,.T.);
#408=ORIENTED_EDGE('',*,*,#694,.F.);
#409=ORIENTED_EDGE('',*,*,#794,.T.);
#410=ORIENTED_EDGE('',*,*,#799,.F.);
#411=ORIENTED_EDGE('',*,*,#800,.F.);
#412=ORIENTED_EDGE('',*,*,#786,.T.);
#413=ORIENTED_EDGE('',*,*,#682,.F.);
#414=ORIENTED_EDGE('',*,*,#801,.F.);
#415=ORIENTED_EDGE('',*,*,#795,.T.);
#416=ORIENTED_EDGE('',*,*,#796,.T.);
#417=ORIENTED_EDGE('',*,*,#769,.F.);
#418=ORIENTED_EDGE('',*,*,#802,.F.);
#419=ORIENTED_EDGE('',*,*,#799,.T.);
#420=ORIENTED_EDGE('',*,*,#757,.F.);
#421=ORIENTED_EDGE('',*,*,#798,.T.);
#422=ORIENTED_EDGE('',*,*,#801,.T.);
#423=ORIENTED_EDGE('',*,*,#681,.F.);
#424=ORIENTED_EDGE('',*,*,#803,.F.);
#425=ORIENTED_EDGE('',*,*,#768,.F.);
#426=ORIENTED_EDGE('',*,*,#800,.T.);
#427=ORIENTED_EDGE('',*,*,#802,.T.);
#428=ORIENTED_EDGE('',*,*,#803,.T.);
#429=ORIENTED_EDGE('',*,*,#680,.F.);
#430=ORIENTED_EDGE('',*,*,#745,.F.);
#431=ORIENTED_EDGE('',*,*,#804,.T.);
#432=ORIENTED_EDGE('',*,*,#805,.F.);
#433=ORIENTED_EDGE('',*,*,#806,.F.);
#434=ORIENTED_EDGE('',*,*,#807,.T.);
#435=ORIENTED_EDGE('',*,*,#808,.F.);
#436=ORIENTED_EDGE('',*,*,#809,.F.);
#437=ORIENTED_EDGE('',*,*,#805,.T.);
#438=ORIENTED_EDGE('',*,*,#810,.F.);
#439=ORIENTED_EDGE('',*,*,#743,.T.);
#440=ORIENTED_EDGE('',*,*,#811,.T.);
#441=ORIENTED_EDGE('',*,*,#808,.T.);
#442=ORIENTED_EDGE('',*,*,#812,.T.);
#443=ORIENTED_EDGE('',*,*,#813,.F.);
#444=ORIENTED_EDGE('',*,*,#811,.F.);
#445=ORIENTED_EDGE('',*,*,#742,.T.);
#446=ORIENTED_EDGE('',*,*,#806,.T.);
#447=ORIENTED_EDGE('',*,*,#809,.T.);
#448=ORIENTED_EDGE('',*,*,#812,.F.);
#449=ORIENTED_EDGE('',*,*,#744,.F.);
#450=ORIENTED_EDGE('',*,*,#810,.T.);
#451=ORIENTED_EDGE('',*,*,#807,.F.);
#452=ORIENTED_EDGE('',*,*,#804,.F.);
#453=ORIENTED_EDGE('',*,*,#813,.T.);
#454=ORIENTED_EDGE('',*,*,#814,.F.);
#455=ORIENTED_EDGE('',*,*,#739,.T.);
#456=ORIENTED_EDGE('',*,*,#815,.T.);
#457=ORIENTED_EDGE('',*,*,#816,.T.);
#458=ORIENTED_EDGE('',*,*,#741,.F.);
#459=ORIENTED_EDGE('',*,*,#817,.T.);
#460=ORIENTED_EDGE('',*,*,#818,.F.);
#461=ORIENTED_EDGE('',*,*,#819,.F.);
#462=ORIENTED_EDGE('',*,*,#820,.T.);
#463=ORIENTED_EDGE('',*,*,#816,.F.);
#464=ORIENTED_EDGE('',*,*,#821,.F.);
#465=ORIENTED_EDGE('',*,*,#818,.T.);
#466=ORIENTED_EDGE('',*,*,#822,.T.);
#467=ORIENTED_EDGE('',*,*,#823,.F.);
#468=ORIENTED_EDGE('',*,*,#815,.F.);
#469=ORIENTED_EDGE('',*,*,#738,.T.);
#470=ORIENTED_EDGE('',*,*,#819,.T.);
#471=ORIENTED_EDGE('',*,*,#821,.T.);
#472=ORIENTED_EDGE('',*,*,#822,.F.);
#473=ORIENTED_EDGE('',*,*,#740,.F.);
#474=ORIENTED_EDGE('',*,*,#814,.T.);
#475=ORIENTED_EDGE('',*,*,#820,.F.);
#476=ORIENTED_EDGE('',*,*,#817,.F.);
#477=ORIENTED_EDGE('',*,*,#823,.T.);
#478=ORIENTED_EDGE('',*,*,#824,.F.);
#479=ORIENTED_EDGE('',*,*,#725,.T.);
#480=ORIENTED_EDGE('',*,*,#825,.T.);
#481=ORIENTED_EDGE('',*,*,#826,.F.);
#482=ORIENTED_EDGE('',*,*,#727,.F.);
#483=ORIENTED_EDGE('',*,*,#827,.T.);
#484=ORIENTED_EDGE('',*,*,#828,.T.);
#485=ORIENTED_EDGE('',*,*,#829,.F.);
#486=ORIENTED_EDGE('',*,*,#830,.F.);
#487=ORIENTED_EDGE('',*,*,#726,.F.);
#488=ORIENTED_EDGE('',*,*,#824,.T.);
#489=ORIENTED_EDGE('',*,*,#831,.T.);
#490=ORIENTED_EDGE('',*,*,#827,.F.);
#491=ORIENTED_EDGE('',*,*,#832,.T.);
#492=ORIENTED_EDGE('',*,*,#825,.F.);
#493=ORIENTED_EDGE('',*,*,#728,.T.);
#494=ORIENTED_EDGE('',*,*,#829,.T.);
#495=ORIENTED_EDGE('',*,*,#833,.F.);
#496=ORIENTED_EDGE('',*,*,#833,.T.);
#497=ORIENTED_EDGE('',*,*,#828,.F.);
#498=ORIENTED_EDGE('',*,*,#831,.F.);
#499=ORIENTED_EDGE('',*,*,#826,.T.);
#500=ORIENTED_EDGE('',*,*,#830,.T.);
#501=ORIENTED_EDGE('',*,*,#832,.F.);
#502=ORIENTED_EDGE('',*,*,#834,.F.);
#503=ORIENTED_EDGE('',*,*,#721,.T.);
#504=ORIENTED_EDGE('',*,*,#835,.T.);
#505=ORIENTED_EDGE('',*,*,#836,.F.);
#506=ORIENTED_EDGE('',*,*,#723,.F.);
#507=ORIENTED_EDGE('',*,*,#837,.T.);
#508=ORIENTED_EDGE('',*,*,#838,.T.);
#509=ORIENTED_EDGE('',*,*,#839,.F.);
#510=ORIENTED_EDGE('',*,*,#840,.F.);
#511=ORIENTED_EDGE('',*,*,#722,.F.);
#512=ORIENTED_EDGE('',*,*,#834,.T.);
#513=ORIENTED_EDGE('',*,*,#841,.F.);
#514=ORIENTED_EDGE('',*,*,#837,.F.);
#515=ORIENTED_EDGE('',*,*,#842,.T.);
#516=ORIENTED_EDGE('',*,*,#835,.F.);
#517=ORIENTED_EDGE('',*,*,#724,.T.);
#518=ORIENTED_EDGE('',*,*,#839,.T.);
#519=ORIENTED_EDGE('',*,*,#843,.T.);
#520=ORIENTED_EDGE('',*,*,#843,.F.);
#521=ORIENTED_EDGE('',*,*,#838,.F.);
#522=ORIENTED_EDGE('',*,*,#841,.T.);
#523=ORIENTED_EDGE('',*,*,#836,.T.);
#524=ORIENTED_EDGE('',*,*,#840,.T.);
#525=ORIENTED_EDGE('',*,*,#842,.F.);
#526=ORIENTED_EDGE('',*,*,#844,.F.);
#527=ORIENTED_EDGE('',*,*,#671,.F.);
#528=ORIENTED_EDGE('',*,*,#845,.F.);
#529=ORIENTED_EDGE('',*,*,#718,.F.);
#530=ORIENTED_EDGE('',*,*,#845,.T.);
#531=ORIENTED_EDGE('',*,*,#641,.F.);
#532=ORIENTED_EDGE('',*,*,#846,.F.);
#533=ORIENTED_EDGE('',*,*,#719,.F.);
#534=ORIENTED_EDGE('',*,*,#844,.T.);
#535=ORIENTED_EDGE('',*,*,#717,.F.);
#536=ORIENTED_EDGE('',*,*,#847,.F.);
#537=ORIENTED_EDGE('',*,*,#669,.F.);
#538=ORIENTED_EDGE('',*,*,#846,.T.);
#539=ORIENTED_EDGE('',*,*,#674,.F.);
#540=ORIENTED_EDGE('',*,*,#848,.F.);
#541=ORIENTED_EDGE('',*,*,#720,.F.);
#542=ORIENTED_EDGE('',*,*,#847,.T.);
#543=ORIENTED_EDGE('',*,*,#716,.F.);
#544=ORIENTED_EDGE('',*,*,#849,.F.);
#545=ORIENTED_EDGE('',*,*,#696,.F.);
#546=ORIENTED_EDGE('',*,*,#848,.T.);
#547=ORIENTED_EDGE('',*,*,#677,.F.);
#548=ORIENTED_EDGE('',*,*,#850,.F.);
#549=ORIENTED_EDGE('',*,*,#713,.F.);
#550=ORIENTED_EDGE('',*,*,#849,.T.);
#551=ORIENTED_EDGE('',*,*,#715,.F.);
#552=ORIENTED_EDGE('',*,*,#851,.F.);
#553=ORIENTED_EDGE('',*,*,#687,.F.);
#554=ORIENTED_EDGE('',*,*,#850,.T.);
#555=ORIENTED_EDGE('',*,*,#684,.F.);
#556=ORIENTED_EDGE('',*,*,#851,.T.);
#557=ORIENTED_EDGE('',*,*,#714,.F.);
#558=ORIENTED_EDGE('',*,*,#852,.F.);
#559=ORIENTED_EDGE('',*,*,#736,.F.);
#560=ORIENTED_EDGE('',*,*,#853,.F.);
#561=ORIENTED_EDGE('',*,*,#702,.F.);
#562=ORIENTED_EDGE('',*,*,#853,.T.);
#563=ORIENTED_EDGE('',*,*,#747,.F.);
#564=ORIENTED_EDGE('',*,*,#854,.F.);
#565=ORIENTED_EDGE('',*,*,#703,.F.);
#566=ORIENTED_EDGE('',*,*,#852,.T.);
#567=ORIENTED_EDGE('',*,*,#701,.F.);
#568=ORIENTED_EDGE('',*,*,#855,.F.);
#569=ORIENTED_EDGE('',*,*,#647,.F.);
#570=ORIENTED_EDGE('',*,*,#854,.T.);
#571=ORIENTED_EDGE('',*,*,#749,.F.);
#572=ORIENTED_EDGE('',*,*,#856,.F.);
#573=ORIENTED_EDGE('',*,*,#704,.F.);
#574=ORIENTED_EDGE('',*,*,#855,.T.);
#575=ORIENTED_EDGE('',*,*,#700,.F.);
#576=ORIENTED_EDGE('',*,*,#857,.F.);
#577=ORIENTED_EDGE('',*,*,#733,.F.);
#578=ORIENTED_EDGE('',*,*,#856,.T.);
#579=ORIENTED_EDGE('',*,*,#655,.F.);
#580=ORIENTED_EDGE('',*,*,#858,.F.);
#581=ORIENTED_EDGE('',*,*,#697,.F.);
#582=ORIENTED_EDGE('',*,*,#857,.T.);
#583=ORIENTED_EDGE('',*,*,#699,.F.);
#584=ORIENTED_EDGE('',*,*,#859,.F.);
#585=ORIENTED_EDGE('',*,*,#730,.F.);
#586=ORIENTED_EDGE('',*,*,#858,.T.);
#587=ORIENTED_EDGE('',*,*,#754,.F.);
#588=ORIENTED_EDGE('',*,*,#859,.T.);
#589=ORIENTED_EDGE('',*,*,#698,.F.);
#590=ORIENTED_EDGE('',*,*,#860,.F.);
#591=ORIENTED_EDGE('',*,*,#710,.F.);
#592=ORIENTED_EDGE('',*,*,#861,.F.);
#593=ORIENTED_EDGE('',*,*,#672,.F.);
#594=ORIENTED_EDGE('',*,*,#861,.T.);
#595=ORIENTED_EDGE('',*,*,#709,.F.);
#596=ORIENTED_EDGE('',*,*,#862,.F.);
#597=ORIENTED_EDGE('',*,*,#675,.F.);
#598=ORIENTED_EDGE('',*,*,#860,.T.);
#599=ORIENTED_EDGE('',*,*,#639,.F.);
#600=ORIENTED_EDGE('',*,*,#863,.F.);
#601=ORIENTED_EDGE('',*,*,#711,.F.);
#602=ORIENTED_EDGE('',*,*,#862,.T.);
#603=ORIENTED_EDGE('',*,*,#708,.F.);
#604=ORIENTED_EDGE('',*,*,#864,.F.);
#605=ORIENTED_EDGE('',*,*,#678,.F.);
#606=ORIENTED_EDGE('',*,*,#863,.T.);
#607=ORIENTED_EDGE('',*,*,#670,.F.);
#608=ORIENTED_EDGE('',*,*,#865,.F.);
#609=ORIENTED_EDGE('',*,*,#712,.F.);
#610=ORIENTED_EDGE('',*,*,#864,.T.);
#611=ORIENTED_EDGE('',*,*,#707,.F.);
#612=ORIENTED_EDGE('',*,*,#866,.F.);
#613=ORIENTED_EDGE('',*,*,#685,.F.);
#614=ORIENTED_EDGE('',*,*,#865,.T.);
#615=ORIENTED_EDGE('',*,*,#667,.F.);
#616=ORIENTED_EDGE('',*,*,#867,.F.);
#617=ORIENTED_EDGE('',*,*,#705,.F.);
#618=ORIENTED_EDGE('',*,*,#866,.T.);
#619=ORIENTED_EDGE('',*,*,#706,.F.);
#620=ORIENTED_EDGE('',*,*,#867,.T.);
#621=ORIENTED_EDGE('',*,*,#695,.F.);
#622=ORIENTED_EDGE('',*,*,#650,.T.);
#623=ORIENTED_EDGE('',*,*,#868,.T.);
#624=ORIENTED_EDGE('',*,*,#643,.F.);
#625=ORIENTED_EDGE('',*,*,#869,.F.);
#626=ORIENTED_EDGE('',*,*,#869,.T.);
#627=ORIENTED_EDGE('',*,*,#642,.T.);
#628=ORIENTED_EDGE('',*,*,#870,.F.);
#629=ORIENTED_EDGE('',*,*,#651,.F.);
#630=ORIENTED_EDGE('',*,*,#870,.T.);
#631=ORIENTED_EDGE('',*,*,#645,.T.);
#632=ORIENTED_EDGE('',*,*,#871,.F.);
#633=ORIENTED_EDGE('',*,*,#652,.F.);
#634=ORIENTED_EDGE('',*,*,#871,.T.);
#635=ORIENTED_EDGE('',*,*,#644,.T.);
#636=ORIENTED_EDGE('',*,*,#868,.F.);
#637=ORIENTED_EDGE('',*,*,#653,.F.);
#638=EDGE_CURVE('',#872,#873,#1016,.T.);
#639=EDGE_CURVE('',#872,#874,#1017,.T.);
#640=EDGE_CURVE('',#874,#875,#1018,.T.);
#641=EDGE_CURVE('',#875,#873,#1019,.T.);
#642=EDGE_CURVE('',#876,#877,#78,.T.);
#643=EDGE_CURVE('',#876,#878,#1020,.T.);
#644=EDGE_CURVE('',#879,#878,#79,.T.);
#645=EDGE_CURVE('',#877,#879,#1021,.T.);
#646=EDGE_CURVE('',#880,#881,#1022,.F.);
#647=EDGE_CURVE('',#880,#882,#1023,.F.);
#648=EDGE_CURVE('',#882,#883,#1024,.T.);
#649=EDGE_CURVE('',#883,#881,#1025,.T.);
#650=EDGE_CURVE('',#884,#885,#1026,.T.);
#651=EDGE_CURVE('',#884,#886,#80,.T.);
#652=EDGE_CURVE('',#886,#887,#1027,.T.);
#653=EDGE_CURVE('',#887,#885,#81,.T.);
#654=EDGE_CURVE('',#888,#889,#1028,.F.);
#655=EDGE_CURVE('',#888,#890,#1029,.T.);
#656=EDGE_CURVE('',#890,#891,#1030,.T.);
#657=EDGE_CURVE('',#891,#892,#82,.F.);
#658=EDGE_CURVE('',#892,#893,#1031,.T.);
#659=EDGE_CURVE('',#894,#893,#83,.T.);
#660=EDGE_CURVE('',#894,#895,#1032,.F.);
#661=EDGE_CURVE('',#896,#895,#84,.T.);
#662=EDGE_CURVE('',#896,#897,#1033,.F.);
#663=EDGE_CURVE('',#897,#898,#85,.F.);
#664=EDGE_CURVE('',#898,#899,#1034,.T.);
#665=EDGE_CURVE('',#889,#899,#1035,.T.);
#666=EDGE_CURVE('',#900,#901,#1036,.T.);
#667=EDGE_CURVE('',#900,#902,#1037,.T.);
#668=EDGE_CURVE('',#902,#903,#1038,.T.);
#669=EDGE_CURVE('',#903,#901,#1039,.T.);
#670=EDGE_CURVE('',#902,#872,#86,.T.);
#671=EDGE_CURVE('',#873,#903,#87,.F.);
#672=EDGE_CURVE('',#874,#904,#88,.T.);
#673=EDGE_CURVE('',#904,#905,#1040,.T.);
#674=EDGE_CURVE('',#905,#875,#89,.F.);
#675=EDGE_CURVE('',#904,#906,#1041,.F.);
#676=EDGE_CURVE('',#906,#907,#1042,.T.);
#677=EDGE_CURVE('',#907,#905,#1043,.T.);
#678=EDGE_CURVE('',#906,#908,#90,.T.);
#679=EDGE_CURVE('',#908,#909,#1044,.T.);
#680=EDGE_CURVE('',#909,#910,#36,.T.);
#681=EDGE_CURVE('',#910,#911,#1045,.T.);
#682=EDGE_CURVE('',#911,#912,#37,.T.);
#683=EDGE_CURVE('',#912,#913,#1046,.T.);
#684=EDGE_CURVE('',#913,#907,#91,.F.);
#685=EDGE_CURVE('',#908,#914,#1047,.F.);
#686=EDGE_CURVE('',#914,#915,#1048,.T.);
#687=EDGE_CURVE('',#915,#913,#1049,.T.);
#688=EDGE_CURVE('',#912,#916,#92,.T.);
#689=EDGE_CURVE('',#916,#917,#1050,.F.);
#690=EDGE_CURVE('',#918,#917,#93,.F.);
#691=EDGE_CURVE('',#918,#919,#1051,.F.);
#692=EDGE_CURVE('',#920,#919,#94,.F.);
#693=EDGE_CURVE('',#920,#921,#1052,.T.);
#694=EDGE_CURVE('',#921,#909,#95,.T.);
#695=EDGE_CURVE('',#914,#900,#96,.T.);
#696=EDGE_CURVE('',#901,#915,#97,.F.);
#697=EDGE_CURVE('',#922,#923,#1053,.F.);
#698=EDGE_CURVE('',#923,#924,#98,.T.);
#699=EDGE_CURVE('',#924,#925,#1054,.T.);
#700=EDGE_CURVE('',#925,#926,#99,.T.);
#701=EDGE_CURVE('',#926,#927,#1055,.T.);
#702=EDGE_CURVE('',#927,#928,#100,.T.);
#703=EDGE_CURVE('',#928,#929,#1056,.F.);
#704=EDGE_CURVE('',#929,#922,#101,.T.);
#705=EDGE_CURVE('',#930,#931,#1057,.F.);
#706=EDGE_CURVE('',#931,#932,#102,.F.);
#707=EDGE_CURVE('',#932,#933,#1058,.T.);
#708=EDGE_CURVE('',#933,#934,#103,.F.);
#709=EDGE_CURVE('',#934,#935,#1059,.T.);
#710=EDGE_CURVE('',#935,#936,#104,.F.);
#711=EDGE_CURVE('',#936,#937,#1060,.F.);
#712=EDGE_CURVE('',#937,#930,#105,.F.);
#713=EDGE_CURVE('',#938,#939,#1061,.T.);
#714=EDGE_CURVE('',#939,#940,#106,.T.);
#715=EDGE_CURVE('',#940,#941,#1062,.T.);
#716=EDGE_CURVE('',#941,#942,#107,.T.);
#717=EDGE_CURVE('',#942,#943,#1063,.T.);
#718=EDGE_CURVE('',#943,#944,#108,.T.);
#719=EDGE_CURVE('',#944,#945,#1064,.T.);
#720=EDGE_CURVE('',#945,#938,#109,.T.);
#721=EDGE_CURVE('',#946,#947,#1065,.T.);
#722=EDGE_CURVE('',#946,#948,#1066,.T.);
#723=EDGE_CURVE('',#948,#949,#1067,.T.);
#724=EDGE_CURVE('',#947,#949,#1068,.T.);
#725=EDGE_CURVE('',#950,#951,#1069,.T.);
#726=EDGE_CURVE('',#950,#952,#1070,.T.);
#727=EDGE_CURVE('',#952,#953,#1071,.T.);
#728=EDGE_CURVE('',#951,#953,#1072,.T.);
#729=EDGE_CURVE('',#954,#955,#1073,.F.);
#730=EDGE_CURVE('',#954,#956,#1074,.F.);
#731=EDGE_CURVE('',#956,#957,#1075,.T.);
#732=EDGE_CURVE('',#957,#955,#1076,.T.);
#733=EDGE_CURVE('',#882,#954,#110,.F.);
#734=EDGE_CURVE('',#955,#883,#111,.T.);
#735=EDGE_CURVE('',#958,#959,#1077,.T.);
#736=EDGE_CURVE('',#958,#880,#112,.F.);
#737=EDGE_CURVE('',#881,#959,#113,.T.);
#738=EDGE_CURVE('',#960,#961,#1078,.T.);
#739=EDGE_CURVE('',#962,#960,#1079,.T.);
#740=EDGE_CURVE('',#962,#963,#1080,.T.);
#741=EDGE_CURVE('',#963,#961,#1081,.T.);
#742=EDGE_CURVE('',#964,#965,#1082,.T.);
#743=EDGE_CURVE('',#966,#964,#1083,.T.);
#744=EDGE_CURVE('',#966,#967,#1084,.T.);
#745=EDGE_CURVE('',#967,#965,#1085,.T.);
#746=EDGE_CURVE('',#968,#969,#1086,.F.);
#747=EDGE_CURVE('',#968,#958,#1087,.T.);
#748=EDGE_CURVE('',#969,#959,#1088,.T.);
#749=EDGE_CURVE('',#890,#968,#114,.F.);
#750=EDGE_CURVE('',#969,#899,#115,.T.);
#751=EDGE_CURVE('',#898,#970,#38,.T.);
#752=EDGE_CURVE('',#970,#971,#1089,.F.);
#753=EDGE_CURVE('',#971,#891,#39,.T.);
#754=EDGE_CURVE('',#956,#888,#116,.F.);
#755=EDGE_CURVE('',#889,#957,#117,.T.);
#756=EDGE_CURVE('',#972,#973,#1090,.F.);
#757=EDGE_CURVE('',#973,#974,#1091,.T.);
#758=EDGE_CURVE('',#974,#975,#1092,.F.);
#759=EDGE_CURVE('',#975,#972,#1093,.F.);
#760=EDGE_CURVE('',#976,#977,#1094,.T.);
#761=EDGE_CURVE('',#977,#978,#1095,.T.);
#762=EDGE_CURVE('',#978,#979,#1096,.T.);
#763=EDGE_CURVE('',#979,#976,#1097,.F.);
#764=EDGE_CURVE('',#980,#981,#1098,.F.);
#765=EDGE_CURVE('',#981,#982,#1099,.T.);
#766=EDGE_CURVE('',#982,#983,#1100,.T.);
#767=EDGE_CURVE('',#983,#980,#1101,.T.);
#768=EDGE_CURVE('',#984,#985,#1102,.F.);
#769=EDGE_CURVE('',#985,#986,#1103,.F.);
#770=EDGE_CURVE('',#986,#987,#1104,.F.);
#771=EDGE_CURVE('',#987,#984,#1105,.T.);
#772=EDGE_CURVE('',#983,#979,#118,.T.);
#773=EDGE_CURVE('',#976,#982,#119,.F.);
#774=EDGE_CURVE('',#983,#917,#120,.F.);
#775=EDGE_CURVE('',#918,#979,#121,.F.);
#776=EDGE_CURVE('',#896,#982,#122,.F.);
#777=EDGE_CURVE('',#976,#895,#123,.F.);
#778=EDGE_CURVE('',#977,#894,#124,.T.);
#779=EDGE_CURVE('',#978,#975,#125,.T.);
#780=EDGE_CURVE('',#972,#977,#126,.F.);
#781=EDGE_CURVE('',#919,#978,#127,.T.);
#782=EDGE_CURVE('',#980,#916,#128,.T.);
#783=EDGE_CURVE('',#897,#981,#129,.T.);
#784=EDGE_CURVE('',#972,#893,#130,.F.);
#785=EDGE_CURVE('',#920,#975,#131,.F.);
#786=EDGE_CURVE('',#988,#912,#132,.T.);
#787=EDGE_CURVE('',#980,#988,#133,.F.);
#788=EDGE_CURVE('',#989,#981,#134,.T.);
#789=EDGE_CURVE('',#989,#898,#135,.F.);
#790=EDGE_CURVE('',#987,#989,#40,.T.);
#791=EDGE_CURVE('',#970,#987,#136,.T.);
#792=EDGE_CURVE('',#971,#986,#137,.T.);
#793=EDGE_CURVE('',#973,#892,#138,.T.);
#794=EDGE_CURVE('',#921,#974,#139,.T.);
#795=EDGE_CURVE('',#984,#988,#41,.T.);
#796=EDGE_CURVE('',#990,#986,#42,.T.);
#797=EDGE_CURVE('',#990,#891,#140,.F.);
#798=EDGE_CURVE('',#973,#990,#141,.T.);
#799=EDGE_CURVE('',#991,#974,#142,.F.);
#800=EDGE_CURVE('',#909,#991,#143,.T.);
#801=EDGE_CURVE('',#984,#911,#144,.T.);
#802=EDGE_CURVE('',#991,#985,#43,.T.);
#803=EDGE_CURVE('',#985,#910,#145,.T.);
#804=EDGE_CURVE('',#967,#992,#1106,.T.);
#805=EDGE_CURVE('',#993,#992,#1107,.T.);
#806=EDGE_CURVE('',#965,#993,#1108,.T.);
#807=EDGE_CURVE('',#992,#994,#1109,.T.);
#808=EDGE_CURVE('',#995,#994,#1110,.T.);
#809=EDGE_CURVE('',#993,#995,#1111,.T.);
#810=EDGE_CURVE('',#966,#994,#1112,.T.);
#811=EDGE_CURVE('',#964,#995,#1113,.T.);
#812=EDGE_CURVE('',#996,#996,#146,.T.);
#813=EDGE_CURVE('',#997,#997,#147,.T.);
#814=EDGE_CURVE('',#962,#998,#1114,.T.);
#815=EDGE_CURVE('',#960,#999,#1115,.T.);
#816=EDGE_CURVE('',#999,#998,#1116,.T.);
#817=EDGE_CURVE('',#963,#1000,#1117,.T.);
#818=EDGE_CURVE('',#1001,#1000,#1118,.T.);
#819=EDGE_CURVE('',#961,#1001,#1119,.T.);
#820=EDGE_CURVE('',#1000,#998,#1120,.T.);
#821=EDGE_CURVE('',#1001,#999,#1121,.T.);
#822=EDGE_CURVE('',#1002,#1002,#148,.T.);
#823=EDGE_CURVE('',#1003,#1003,#149,.T.);
#824=EDGE_CURVE('',#950,#1004,#1122,.T.);
#825=EDGE_CURVE('',#951,#1005,#1123,.T.);
#826=EDGE_CURVE('',#1004,#1005,#1124,.T.);
#827=EDGE_CURVE('',#952,#1006,#1125,.T.);
#828=EDGE_CURVE('',#1006,#1007,#1126,.T.);
#829=EDGE_CURVE('',#953,#1007,#1127,.T.);
#830=EDGE_CURVE('',#1008,#1008,#150,.T.);
#831=EDGE_CURVE('',#1004,#1006,#1128,.T.);
#832=EDGE_CURVE('',#1009,#1009,#151,.T.);
#833=EDGE_CURVE('',#1005,#1007,#1129,.T.);
#834=EDGE_CURVE('',#946,#1010,#1130,.T.);
#835=EDGE_CURVE('',#947,#1011,#1131,.T.);
#836=EDGE_CURVE('',#1010,#1011,#1132,.T.);
#837=EDGE_CURVE('',#948,#1012,#1133,.T.);
#838=EDGE_CURVE('',#1012,#1013,#1134,.T.);
#839=EDGE_CURVE('',#949,#1013,#1135,.T.);
#840=EDGE_CURVE('',#1014,#1014,#152,.T.);
#841=EDGE_CURVE('',#1012,#1010,#1136,.T.);
#842=EDGE_CURVE('',#1015,#1015,#153,.T.);
#843=EDGE_CURVE('',#1013,#1011,#1137,.T.);
#844=EDGE_CURVE('',#903,#943,#1138,.T.);
#845=EDGE_CURVE('',#944,#873,#1139,.T.);
#846=EDGE_CURVE('',#945,#875,#1140,.T.);
#847=EDGE_CURVE('',#901,#942,#1141,.T.);
#848=EDGE_CURVE('',#938,#905,#1142,.T.);
#849=EDGE_CURVE('',#915,#941,#1143,.T.);
#850=EDGE_CURVE('',#939,#907,#1144,.T.);
#851=EDGE_CURVE('',#913,#940,#1145,.T.);
#852=EDGE_CURVE('',#880,#927,#154,.T.);
#853=EDGE_CURVE('',#928,#958,#155,.T.);
#854=EDGE_CURVE('',#929,#968,#156,.T.);
#855=EDGE_CURVE('',#882,#926,#157,.T.);
#856=EDGE_CURVE('',#922,#890,#158,.T.);
#857=EDGE_CURVE('',#954,#925,#159,.T.);
#858=EDGE_CURVE('',#923,#888,#160,.T.);
#859=EDGE_CURVE('',#956,#924,#161,.T.);
#860=EDGE_CURVE('',#936,#874,#162,.T.);
#861=EDGE_CURVE('',#904,#935,#163,.T.);
#862=EDGE_CURVE('',#906,#934,#164,.T.);
#863=EDGE_CURVE('',#937,#872,#165,.T.);
#864=EDGE_CURVE('',#908,#933,#166,.T.);
#865=EDGE_CURVE('',#930,#902,#167,.T.);
#866=EDGE_CURVE('',#914,#932,#168,.T.);
#867=EDGE_CURVE('',#931,#900,#169,.T.);
#868=EDGE_CURVE('',#885,#878,#1146,.T.);
#869=EDGE_CURVE('',#884,#876,#1147,.T.);
#870=EDGE_CURVE('',#886,#877,#1148,.T.);
#871=EDGE_CURVE('',#887,#879,#1149,.T.);
#872=VERTEX_POINT('',#2373);
#873=VERTEX_POINT('',#2374);
#874=VERTEX_POINT('',#2376);
#875=VERTEX_POINT('',#2378);
#876=VERTEX_POINT('',#2381);
#877=VERTEX_POINT('',#2382);
#878=VERTEX_POINT('',#2384);
#879=VERTEX_POINT('',#2386);
#880=VERTEX_POINT('',#2390);
#881=VERTEX_POINT('',#2391);
#882=VERTEX_POINT('',#2393);
#883=VERTEX_POINT('',#2395);
#884=VERTEX_POINT('',#2398);
#885=VERTEX_POINT('',#2399);
#886=VERTEX_POINT('',#2401);
#887=VERTEX_POINT('',#2403);
#888=VERTEX_POINT('',#2407);
#889=VERTEX_POINT('',#2408);
#890=VERTEX_POINT('',#2410);
#891=VERTEX_POINT('',#2412);
#892=VERTEX_POINT('',#2414);
#893=VERTEX_POINT('',#2416);
#894=VERTEX_POINT('',#2418);
#895=VERTEX_POINT('',#2420);
#896=VERTEX_POINT('',#2422);
#897=VERTEX_POINT('',#2424);
#898=VERTEX_POINT('',#2426);
#899=VERTEX_POINT('',#2428);
#900=VERTEX_POINT('',#2432);
#901=VERTEX_POINT('',#2433);
#902=VERTEX_POINT('',#2435);
#903=VERTEX_POINT('',#2437);
#904=VERTEX_POINT('',#2444);
#905=VERTEX_POINT('',#2446);
#906=VERTEX_POINT('',#2450);
#907=VERTEX_POINT('',#2452);
#908=VERTEX_POINT('',#2456);
#909=VERTEX_POINT('',#2458);
#910=VERTEX_POINT('',#2463);
#911=VERTEX_POINT('',#2465);
#912=VERTEX_POINT('',#2470);
#913=VERTEX_POINT('',#2472);
#914=VERTEX_POINT('',#2476);
#915=VERTEX_POINT('',#2478);
#916=VERTEX_POINT('',#2481);
#917=VERTEX_POINT('',#2483);
#918=VERTEX_POINT('',#2485);
#919=VERTEX_POINT('',#2487);
#920=VERTEX_POINT('',#2489);
#921=VERTEX_POINT('',#2491);
#922=VERTEX_POINT('',#2498);
#923=VERTEX_POINT('',#2499);
#924=VERTEX_POINT('',#2501);
#925=VERTEX_POINT('',#2503);
#926=VERTEX_POINT('',#2505);
#927=VERTEX_POINT('',#2507);
#928=VERTEX_POINT('',#2509);
#929=VERTEX_POINT('',#2511);
#930=VERTEX_POINT('',#2514);
#931=VERTEX_POINT('',#2515);
#932=VERTEX_POINT('',#2517);
#933=VERTEX_POINT('',#2519);
#934=VERTEX_POINT('',#2521);
#935=VERTEX_POINT('',#2523);
#936=VERTEX_POINT('',#2525);
#937=VERTEX_POINT('',#2527);
#938=VERTEX_POINT('',#2531);
#939=VERTEX_POINT('',#2532);
#940=VERTEX_POINT('',#2534);
#941=VERTEX_POINT('',#2536);
#942=VERTEX_POINT('',#2538);
#943=VERTEX_POINT('',#2540);
#944=VERTEX_POINT('',#2542);
#945=VERTEX_POINT('',#2544);
#946=VERTEX_POINT('',#2548);
#947=VERTEX_POINT('',#2549);
#948=VERTEX_POINT('',#2551);
#949=VERTEX_POINT('',#2553);
#950=VERTEX_POINT('',#2556);
#951=VERTEX_POINT('',#2557);
#952=VERTEX_POINT('',#2559);
#953=VERTEX_POINT('',#2561);
#954=VERTEX_POINT('',#2564);
#955=VERTEX_POINT('',#2565);
#956=VERTEX_POINT('',#2567);
#957=VERTEX_POINT('',#2569);
#958=VERTEX_POINT('',#2576);
#959=VERTEX_POINT('',#2577);
#960=VERTEX_POINT('',#2582);
#961=VERTEX_POINT('',#2583);
#962=VERTEX_POINT('',#2585);
#963=VERTEX_POINT('',#2587);
#964=VERTEX_POINT('',#2590);
#965=VERTEX_POINT('',#2591);
#966=VERTEX_POINT('',#2593);
#967=VERTEX_POINT('',#2595);
#968=VERTEX_POINT('',#2598);
#969=VERTEX_POINT('',#2599);
#970=VERTEX_POINT('',#2609);
#971=VERTEX_POINT('',#2611);
#972=VERTEX_POINT('',#2622);
#973=VERTEX_POINT('',#2623);
#974=VERTEX_POINT('',#2625);
#975=VERTEX_POINT('',#2627);
#976=VERTEX_POINT('',#2631);
#977=VERTEX_POINT('',#2632);
#978=VERTEX_POINT('',#2634);
#979=VERTEX_POINT('',#2636);
#980=VERTEX_POINT('',#2640);
#981=VERTEX_POINT('',#2641);
#982=VERTEX_POINT('',#2643);
#983=VERTEX_POINT('',#2645);
#984=VERTEX_POINT('',#2649);
#985=VERTEX_POINT('',#2650);
#986=VERTEX_POINT('',#2652);
#987=VERTEX_POINT('',#2654);
#988=VERTEX_POINT('',#2682);
#989=VERTEX_POINT('',#2686);
#990=VERTEX_POINT('',#2732);
#991=VERTEX_POINT('',#2738);
#992=VERTEX_POINT('',#2774);
#993=VERTEX_POINT('',#2776);
#994=VERTEX_POINT('',#2780);
#995=VERTEX_POINT('',#2782);
#996=VERTEX_POINT('',#2789);
#997=VERTEX_POINT('',#2791);
#998=VERTEX_POINT('',#2796);
#999=VERTEX_POINT('',#2798);
#1000=VERTEX_POINT('',#2802);
#1001=VERTEX_POINT('',#2804);
#1002=VERTEX_POINT('',#2811);
#1003=VERTEX_POINT('',#2813);
#1004=VERTEX_POINT('',#2818);
#1005=VERTEX_POINT('',#2820);
#1006=VERTEX_POINT('',#2824);
#1007=VERTEX_POINT('',#2826);
#1008=VERTEX_POINT('',#2830);
#1009=VERTEX_POINT('',#2834);
#1010=VERTEX_POINT('',#2840);
#1011=VERTEX_POINT('',#2842);
#1012=VERTEX_POINT('',#2846);
#1013=VERTEX_POINT('',#2848);
#1014=VERTEX_POINT('',#2852);
#1015=VERTEX_POINT('',#2856);
#1016=LINE('',#2372,#1150);
#1017=LINE('',#2375,#1151);
#1018=LINE('',#2377,#1152);
#1019=LINE('',#2379,#1153);
#1020=LINE('',#2383,#1154);
#1021=LINE('',#2387,#1155);
#1022=LINE('',#2389,#1156);
#1023=LINE('',#2392,#1157);
#1024=LINE('',#2394,#1158);
#1025=LINE('',#2396,#1159);
#1026=LINE('',#2397,#1160);
#1027=LINE('',#2402,#1161);
#1028=LINE('',#2406,#1162);
#1029=LINE('',#2409,#1163);
#1030=LINE('',#2411,#1164);
#1031=LINE('',#2415,#1165);
#1032=LINE('',#2419,#1166);
#1033=LINE('',#2423,#1167);
#1034=LINE('',#2427,#1168);
#1035=LINE('',#2429,#1169);
#1036=LINE('',#2431,#1170);
#1037=LINE('',#2434,#1171);
#1038=LINE('',#2436,#1172);
#1039=LINE('',#2438,#1173);
#1040=LINE('',#2445,#1174);
#1041=LINE('',#2449,#1175);
#1042=LINE('',#2451,#1176);
#1043=LINE('',#2453,#1177);
#1044=LINE('',#2457,#1178);
#1045=LINE('',#2464,#1179);
#1046=LINE('',#2471,#1180);
#1047=LINE('',#2475,#1181);
#1048=LINE('',#2477,#1182);
#1049=LINE('',#2479,#1183);
#1050=LINE('',#2482,#1184);
#1051=LINE('',#2486,#1185);
#1052=LINE('',#2490,#1186);
#1053=LINE('',#2497,#1187);
#1054=LINE('',#2502,#1188);
#1055=LINE('',#2506,#1189);
#1056=LINE('',#2510,#1190);
#1057=LINE('',#2513,#1191);
#1058=LINE('',#2518,#1192);
#1059=LINE('',#2522,#1193);
#1060=LINE('',#2526,#1194);
#1061=LINE('',#2530,#1195);
#1062=LINE('',#2535,#1196);
#1063=LINE('',#2539,#1197);
#1064=LINE('',#2543,#1198);
#1065=LINE('',#2547,#1199);
#1066=LINE('',#2550,#1200);
#1067=LINE('',#2552,#1201);
#1068=LINE('',#2554,#1202);
#1069=LINE('',#2555,#1203);
#1070=LINE('',#2558,#1204);
#1071=LINE('',#2560,#1205);
#1072=LINE('',#2562,#1206);
#1073=LINE('',#2563,#1207);
#1074=LINE('',#2566,#1208);
#1075=LINE('',#2568,#1209);
#1076=LINE('',#2570,#1210);
#1077=LINE('',#2575,#1211);
#1078=LINE('',#2581,#1212);
#1079=LINE('',#2584,#1213);
#1080=LINE('',#2586,#1214);
#1081=LINE('',#2588,#1215);
#1082=LINE('',#2589,#1216);
#1083=LINE('',#2592,#1217);
#1084=LINE('',#2594,#1218);
#1085=LINE('',#2596,#1219);
#1086=LINE('',#2597,#1220);
#1087=LINE('',#2600,#1221);
#1088=LINE('',#2601,#1222);
#1089=LINE('',#2610,#1223);
#1090=LINE('',#2621,#1224);
#1091=LINE('',#2624,#1225);
#1092=LINE('',#2626,#1226);
#1093=LINE('',#2628,#1227);
#1094=LINE('',#2630,#1228);
#1095=LINE('',#2633,#1229);
#1096=LINE('',#2635,#1230);
#1097=LINE('',#2637,#1231);
#1098=LINE('',#2639,#1232);
#1099=LINE('',#2642,#1233);
#1100=LINE('',#2644,#1234);
#1101=LINE('',#2646,#1235);
#1102=LINE('',#2648,#1236);
#1103=LINE('',#2651,#1237);
#1104=LINE('',#2653,#1238);
#1105=LINE('',#2655,#1239);
#1106=LINE('',#2773,#1240);
#1107=LINE('',#2775,#1241);
#1108=LINE('',#2777,#1242);
#1109=LINE('',#2779,#1243);
#1110=LINE('',#2781,#1244);
#1111=LINE('',#2783,#1245);
#1112=LINE('',#2785,#1246);
#1113=LINE('',#2786,#1247);
#1114=LINE('',#2795,#1248);
#1115=LINE('',#2797,#1249);
#1116=LINE('',#2799,#1250);
#1117=LINE('',#2801,#1251);
#1118=LINE('',#2803,#1252);
#1119=LINE('',#2805,#1253);
#1120=LINE('',#2807,#1254);
#1121=LINE('',#2808,#1255);
#1122=LINE('',#2817,#1256);
#1123=LINE('',#2819,#1257);
#1124=LINE('',#2821,#1258);
#1125=LINE('',#2823,#1259);
#1126=LINE('',#2825,#1260);
#1127=LINE('',#2827,#1261);
#1128=LINE('',#2831,#1262);
#1129=LINE('',#2835,#1263);
#1130=LINE('',#2839,#1264);
#1131=LINE('',#2841,#1265);
#1132=LINE('',#2843,#1266);
#1133=LINE('',#2845,#1267);
#1134=LINE('',#2847,#1268);
#1135=LINE('',#2849,#1269);
#1136=LINE('',#2853,#1270);
#1137=LINE('',#2857,#1271);
#1138=LINE('',#2861,#1272);
#1139=LINE('',#2862,#1273);
#1140=LINE('',#2864,#1274);
#1141=LINE('',#2866,#1275);
#1142=LINE('',#2868,#1276);
#1143=LINE('',#2870,#1277);
#1144=LINE('',#2872,#1278);
#1145=LINE('',#2874,#1279);
#1146=LINE('',#2909,#1280);
#1147=LINE('',#2910,#1281);
#1148=LINE('',#2912,#1282);
#1149=LINE('',#2914,#1283);
#1150=VECTOR('',#1864,1.);
#1151=VECTOR('',#1865,1.);
#1152=VECTOR('',#1866,1.);
#1153=VECTOR('',#1867,1.);
#1154=VECTOR('',#1870,1.);
#1155=VECTOR('',#1873,1.);
#1156=VECTOR('',#1876,1.);
#1157=VECTOR('',#1877,1.);
#1158=VECTOR('',#1878,1.);
#1159=VECTOR('',#1879,1.);
#1160=VECTOR('',#1880,1.);
#1161=VECTOR('',#1883,1.);
#1162=VECTOR('',#1888,1.);
#1163=VECTOR('',#1889,1.);
#1164=VECTOR('',#1890,1.);
#1165=VECTOR('',#1893,1.);
#1166=VECTOR('',#1896,1.);
#1167=VECTOR('',#1899,1.);
#1168=VECTOR('',#1902,1.);
#1169=VECTOR('',#1903,1.);
#1170=VECTOR('',#1906,1.);
#1171=VECTOR('',#1907,1.);
#1172=VECTOR('',#1908,1.);
#1173=VECTOR('',#1909,1.);
#1174=VECTOR('',#1920,1.);
#1175=VECTOR('',#1925,1.);
#1176=VECTOR('',#1926,1.);
#1177=VECTOR('',#1927,1.);
#1178=VECTOR('',#1932,1.);
#1179=VECTOR('',#1933,1.);
#1180=VECTOR('',#1934,1.);
#1181=VECTOR('',#1939,1.);
#1182=VECTOR('',#1940,1.);
#1183=VECTOR('',#1941,1.);
#1184=VECTOR('',#1944,1.);
#1185=VECTOR('',#1947,1.);
#1186=VECTOR('',#1950,1.);
#1187=VECTOR('',#1961,1.);
#1188=VECTOR('',#1964,1.);
#1189=VECTOR('',#1967,1.);
#1190=VECTOR('',#1970,1.);
#1191=VECTOR('',#1973,1.);
#1192=VECTOR('',#1976,1.);
#1193=VECTOR('',#1979,1.);
#1194=VECTOR('',#1982,1.);
#1195=VECTOR('',#1987,1.);
#1196=VECTOR('',#1990,1.);
#1197=VECTOR('',#1993,1.);
#1198=VECTOR('',#1996,1.);
#1199=VECTOR('',#2001,1.);
#1200=VECTOR('',#2002,1.);
#1201=VECTOR('',#2003,1.);
#1202=VECTOR('',#2004,1.);
#1203=VECTOR('',#2005,1.);
#1204=VECTOR('',#2006,1.);
#1205=VECTOR('',#2007,1.);
#1206=VECTOR('',#2008,1.);
#1207=VECTOR('',#2009,1.);
#1208=VECTOR('',#2010,1.);
#1209=VECTOR('',#2011,1.);
#1210=VECTOR('',#2012,1.);
#1211=VECTOR('',#2021,1.);
#1212=VECTOR('',#2028,1.);
#1213=VECTOR('',#2029,1.);
#1214=VECTOR('',#2030,1.);
#1215=VECTOR('',#2031,1.);
#1216=VECTOR('',#2032,1.);
#1217=VECTOR('',#2033,1.);
#1218=VECTOR('',#2034,1.);
#1219=VECTOR('',#2035,1.);
#1220=VECTOR('',#2036,1.);
#1221=VECTOR('',#2037,1.);
#1222=VECTOR('',#2038,1.);
#1223=VECTOR('',#2045,1.);
#1224=VECTOR('',#2056,1.);
#1225=VECTOR('',#2057,1.);
#1226=VECTOR('',#2058,1.);
#1227=VECTOR('',#2059,1.);
#1228=VECTOR('',#2062,1.);
#1229=VECTOR('',#2063,1.);
#1230=VECTOR('',#2064,1.);
#1231=VECTOR('',#2065,1.);
#1232=VECTOR('',#2068,1.);
#1233=VECTOR('',#2069,1.);
#1234=VECTOR('',#2070,1.);
#1235=VECTOR('',#2071,1.);
#1236=VECTOR('',#2074,1.);
#1237=VECTOR('',#2075,1.);
#1238=VECTOR('',#2076,1.);
#1239=VECTOR('',#2077,1.);
#1240=VECTOR('',#2176,1.);
#1241=VECTOR('',#2177,1.);
#1242=VECTOR('',#2178,1.);
#1243=VECTOR('',#2181,1.);
#1244=VECTOR('',#2182,1.);
#1245=VECTOR('',#2183,1.);
#1246=VECTOR('',#2186,1.);
#1247=VECTOR('',#2187,1.);
#1248=VECTOR('',#2200,1.);
#1249=VECTOR('',#2201,1.);
#1250=VECTOR('',#2202,1.);
#1251=VECTOR('',#2205,1.);
#1252=VECTOR('',#2206,1.);
#1253=VECTOR('',#2207,1.);
#1254=VECTOR('',#2210,1.);
#1255=VECTOR('',#2211,1.);
#1256=VECTOR('',#2224,1.);
#1257=VECTOR('',#2225,1.);
#1258=VECTOR('',#2226,1.);
#1259=VECTOR('',#2229,1.);
#1260=VECTOR('',#2230,1.);
#1261=VECTOR('',#2231,1.);
#1262=VECTOR('',#2236,1.);
#1263=VECTOR('',#2241,1.);
#1264=VECTOR('',#2248,1.);
#1265=VECTOR('',#2249,1.);
#1266=VECTOR('',#2250,1.);
#1267=VECTOR('',#2253,1.);
#1268=VECTOR('',#2254,1.);
#1269=VECTOR('',#2255,1.);
#1270=VECTOR('',#2260,1.);
#1271=VECTOR('',#2265,1.);
#1272=VECTOR('',#2272,1.);
#1273=VECTOR('',#2273,1.);
#1274=VECTOR('',#2276,1.);
#1275=VECTOR('',#2279,1.);
#1276=VECTOR('',#2282,1.);
#1277=VECTOR('',#2285,1.);
#1278=VECTOR('',#2288,1.);
#1279=VECTOR('',#2291,1.);
#1280=VECTOR('',#2360,1.);
#1281=VECTOR('',#2361,1.);
#1282=VECTOR('',#2364,1.);
#1283=VECTOR('',#2367,1.);
#1284=EDGE_LOOP('',(#170,#171,#172,#173));
#1285=EDGE_LOOP('',(#174,#175,#176,#177));
#1286=EDGE_LOOP('',(#178,#179,#180,#181));
#1287=EDGE_LOOP('',(#182,#183,#184,#185));
#1288=EDGE_LOOP('',(#186,#187,#188,#189,#190,#191,#192,#193,#194,#195,#196,
#197));
#1289=EDGE_LOOP('',(#198,#199,#200,#201));
#1290=EDGE_LOOP('',(#202,#203,#204,#205));
#1291=EDGE_LOOP('',(#206,#207,#208,#209));
#1292=EDGE_LOOP('',(#210,#211,#212,#213));
#1293=EDGE_LOOP('',(#214,#215,#216,#217,#218,#219,#220,#221));
#1294=EDGE_LOOP('',(#222,#223,#224,#225,#226,#227,#228,#229,#230,#231,#232,
#233));
#1295=EDGE_LOOP('',(#234,#235,#236,#237));
#1296=EDGE_LOOP('',(#238,#239,#240,#241,#242,#243,#244,#245));
#1297=EDGE_LOOP('',(#246,#247,#248,#249,#250,#251,#252,#253));
#1298=EDGE_LOOP('',(#254,#255,#256,#257,#258,#259,#260,#261));
#1299=EDGE_LOOP('',(#262,#263,#264,#265));
#1300=EDGE_LOOP('',(#266,#267,#268,#269));
#1301=EDGE_LOOP('',(#270,#271,#272,#273));
#1302=EDGE_LOOP('',(#274,#275,#276,#277));
#1303=EDGE_LOOP('',(#278,#279,#280,#281));
#1304=EDGE_LOOP('',(#282,#283,#284,#285));
#1305=EDGE_LOOP('',(#286,#287,#288,#289));
#1306=EDGE_LOOP('',(#290,#291,#292,#293));
#1307=EDGE_LOOP('',(#294,#295,#296,#297,#298,#299,#300,#301));
#1308=EDGE_LOOP('',(#302,#303,#304,#305));
#1309=EDGE_LOOP('',(#306,#307,#308,#309,#310,#311,#312,#313));
#1310=EDGE_LOOP('',(#314,#315,#316,#317));
#1311=EDGE_LOOP('',(#318,#319,#320,#321));
#1312=EDGE_LOOP('',(#322,#323,#324,#325));
#1313=EDGE_LOOP('',(#326,#327,#328,#329));
#1314=EDGE_LOOP('',(#330,#331,#332,#333));
#1315=EDGE_LOOP('',(#334,#335,#336,#337));
#1316=EDGE_LOOP('',(#338,#339,#340,#341));
#1317=EDGE_LOOP('',(#342,#343,#344,#345));
#1318=EDGE_LOOP('',(#346,#347,#348,#349));
#1319=EDGE_LOOP('',(#350,#351,#352,#353));
#1320=EDGE_LOOP('',(#354,#355,#356,#357));
#1321=EDGE_LOOP('',(#358,#359,#360,#361));
#1322=EDGE_LOOP('',(#362,#363,#364,#365));
#1323=EDGE_LOOP('',(#366,#367,#368,#369));
#1324=EDGE_LOOP('',(#370,#371,#372,#373));
#1325=EDGE_LOOP('',(#374,#375,#376,#377));
#1326=EDGE_LOOP('',(#378,#379,#380,#381));
#1327=EDGE_LOOP('',(#382,#383,#384,#385));
#1328=EDGE_LOOP('',(#386,#387,#388,#389));
#1329=EDGE_LOOP('',(#390,#391,#392,#393));
#1330=EDGE_LOOP('',(#394,#395,#396,#397,#398,#399));
#1331=EDGE_LOOP('',(#400,#401,#402,#403));
#1332=EDGE_LOOP('',(#404,#405,#406,#407));
#1333=EDGE_LOOP('',(#408,#409,#410,#411));
#1334=EDGE_LOOP('',(#412,#413,#414,#415));
#1335=EDGE_LOOP('',(#416,#417,#418,#419,#420,#421));
#1336=EDGE_LOOP('',(#422,#423,#424,#425));
#1337=EDGE_LOOP('',(#426,#427,#428,#429));
#1338=EDGE_LOOP('',(#430,#431,#432,#433));
#1339=EDGE_LOOP('',(#434,#435,#436,#437));
#1340=EDGE_LOOP('',(#438,#439,#440,#441));
#1341=EDGE_LOOP('',(#442));
#1342=EDGE_LOOP('',(#443));
#1343=EDGE_LOOP('',(#444,#445,#446,#447));
#1344=EDGE_LOOP('',(#448));
#1345=EDGE_LOOP('',(#449,#450,#451,#452));
#1346=EDGE_LOOP('',(#453));
#1347=EDGE_LOOP('',(#454,#455,#456,#457));
#1348=EDGE_LOOP('',(#458,#459,#460,#461));
#1349=EDGE_LOOP('',(#462,#463,#464,#465));
#1350=EDGE_LOOP('',(#466));
#1351=EDGE_LOOP('',(#467));
#1352=EDGE_LOOP('',(#468,#469,#470,#471));
#1353=EDGE_LOOP('',(#472));
#1354=EDGE_LOOP('',(#473,#474,#475,#476));
#1355=EDGE_LOOP('',(#477));
#1356=EDGE_LOOP('',(#478,#479,#480,#481));
#1357=EDGE_LOOP('',(#482,#483,#484,#485));
#1358=EDGE_LOOP('',(#486));
#1359=EDGE_LOOP('',(#487,#488,#489,#490));
#1360=EDGE_LOOP('',(#491));
#1361=EDGE_LOOP('',(#492,#493,#494,#495));
#1362=EDGE_LOOP('',(#496,#497,#498,#499));
#1363=EDGE_LOOP('',(#500));
#1364=EDGE_LOOP('',(#501));
#1365=EDGE_LOOP('',(#502,#503,#504,#505));
#1366=EDGE_LOOP('',(#506,#507,#508,#509));
#1367=EDGE_LOOP('',(#510));
#1368=EDGE_LOOP('',(#511,#512,#513,#514));
#1369=EDGE_LOOP('',(#515));
#1370=EDGE_LOOP('',(#516,#517,#518,#519));
#1371=EDGE_LOOP('',(#520,#521,#522,#523));
#1372=EDGE_LOOP('',(#524));
#1373=EDGE_LOOP('',(#525));
#1374=EDGE_LOOP('',(#526,#527,#528,#529));
#1375=EDGE_LOOP('',(#530,#531,#532,#533));
#1376=EDGE_LOOP('',(#534,#535,#536,#537));
#1377=EDGE_LOOP('',(#538,#539,#540,#541));
#1378=EDGE_LOOP('',(#542,#543,#544,#545));
#1379=EDGE_LOOP('',(#546,#547,#548,#549));
#1380=EDGE_LOOP('',(#550,#551,#552,#553));
#1381=EDGE_LOOP('',(#554,#555,#556,#557));
#1382=EDGE_LOOP('',(#558,#559,#560,#561));
#1383=EDGE_LOOP('',(#562,#563,#564,#565));
#1384=EDGE_LOOP('',(#566,#567,#568,#569));
#1385=EDGE_LOOP('',(#570,#571,#572,#573));
#1386=EDGE_LOOP('',(#574,#575,#576,#577));
#1387=EDGE_LOOP('',(#578,#579,#580,#581));
#1388=EDGE_LOOP('',(#582,#583,#584,#585));
#1389=EDGE_LOOP('',(#586,#587,#588,#589));
#1390=EDGE_LOOP('',(#590,#591,#592,#593));
#1391=EDGE_LOOP('',(#594,#595,#596,#597));
#1392=EDGE_LOOP('',(#598,#599,#600,#601));
#1393=EDGE_LOOP('',(#602,#603,#604,#605));
#1394=EDGE_LOOP('',(#606,#607,#608,#609));
#1395=EDGE_LOOP('',(#610,#611,#612,#613));
#1396=EDGE_LOOP('',(#614,#615,#616,#617));
#1397=EDGE_LOOP('',(#618,#619,#620,#621));
#1398=EDGE_LOOP('',(#622,#623,#624,#625));
#1399=EDGE_LOOP('',(#626,#627,#628,#629));
#1400=EDGE_LOOP('',(#630,#631,#632,#633));
#1401=EDGE_LOOP('',(#634,#635,#636,#637));
#1402=FACE_BOUND('',#1284,.T.);
#1403=FACE_BOUND('',#1285,.T.);
#1404=FACE_BOUND('',#1286,.T.);
#1405=FACE_BOUND('',#1287,.T.);
#1406=FACE_BOUND('',#1288,.T.);
#1407=FACE_BOUND('',#1289,.T.);
#1408=FACE_BOUND('',#1290,.T.);
#1409=FACE_BOUND('',#1291,.T.);
#1410=FACE_BOUND('',#1292,.T.);
#1411=FACE_BOUND('',#1293,.T.);
#1412=FACE_BOUND('',#1294,.T.);
#1413=FACE_BOUND('',#1295,.T.);
#1414=FACE_BOUND('',#1296,.T.);
#1415=FACE_BOUND('',#1297,.T.);
#1416=FACE_BOUND('',#1298,.T.);
#1417=FACE_BOUND('',#1299,.T.);
#1418=FACE_BOUND('',#1300,.T.);
#1419=FACE_BOUND('',#1301,.T.);
#1420=FACE_BOUND('',#1302,.T.);
#1421=FACE_BOUND('',#1303,.T.);
#1422=FACE_BOUND('',#1304,.T.);
#1423=FACE_BOUND('',#1305,.T.);
#1424=FACE_BOUND('',#1306,.T.);
#1425=FACE_BOUND('',#1307,.T.);
#1426=FACE_BOUND('',#1308,.T.);
#1427=FACE_BOUND('',#1309,.T.);
#1428=FACE_BOUND('',#1310,.T.);
#1429=FACE_BOUND('',#1311,.T.);
#1430=FACE_BOUND('',#1312,.T.);
#1431=FACE_BOUND('',#1313,.T.);
#1432=FACE_BOUND('',#1314,.T.);
#1433=FACE_BOUND('',#1315,.T.);
#1434=FACE_BOUND('',#1316,.T.);
#1435=FACE_BOUND('',#1317,.T.);
#1436=FACE_BOUND('',#1318,.T.);
#1437=FACE_BOUND('',#1319,.T.);
#1438=FACE_BOUND('',#1320,.T.);
#1439=FACE_BOUND('',#1321,.T.);
#1440=FACE_BOUND('',#1322,.T.);
#1441=FACE_BOUND('',#1323,.T.);
#1442=FACE_BOUND('',#1324,.T.);
#1443=FACE_BOUND('',#1325,.T.);
#1444=FACE_BOUND('',#1326,.T.);
#1445=FACE_BOUND('',#1327,.T.);
#1446=FACE_BOUND('',#1328,.T.);
#1447=FACE_BOUND('',#1329,.T.);
#1448=FACE_BOUND('',#1330,.T.);
#1449=FACE_BOUND('',#1331,.T.);
#1450=FACE_BOUND('',#1332,.T.);
#1451=FACE_BOUND('',#1333,.T.);
#1452=FACE_BOUND('',#1334,.T.);
#1453=FACE_BOUND('',#1335,.T.);
#1454=FACE_BOUND('',#1336,.T.);
#1455=FACE_BOUND('',#1337,.T.);
#1456=FACE_BOUND('',#1338,.T.);
#1457=FACE_BOUND('',#1339,.T.);
#1458=FACE_BOUND('',#1340,.T.);
#1459=FACE_BOUND('',#1341,.T.);
#1460=FACE_BOUND('',#1342,.T.);
#1461=FACE_BOUND('',#1343,.T.);
#1462=FACE_BOUND('',#1344,.T.);
#1463=FACE_BOUND('',#1345,.T.);
#1464=FACE_BOUND('',#1346,.T.);
#1465=FACE_BOUND('',#1347,.T.);
#1466=FACE_BOUND('',#1348,.T.);
#1467=FACE_BOUND('',#1349,.T.);
#1468=FACE_BOUND('',#1350,.T.);
#1469=FACE_BOUND('',#1351,.T.);
#1470=FACE_BOUND('',#1352,.T.);
#1471=FACE_BOUND('',#1353,.T.);
#1472=FACE_BOUND('',#1354,.T.);
#1473=FACE_BOUND('',#1355,.T.);
#1474=FACE_BOUND('',#1356,.T.);
#1475=FACE_BOUND('',#1357,.T.);
#1476=FACE_BOUND('',#1358,.T.);
#1477=FACE_BOUND('',#1359,.T.);
#1478=FACE_BOUND('',#1360,.T.);
#1479=FACE_BOUND('',#1361,.T.);
#1480=FACE_BOUND('',#1362,.T.);
#1481=FACE_BOUND('',#1363,.T.);
#1482=FACE_BOUND('',#1364,.T.);
#1483=FACE_BOUND('',#1365,.T.);
#1484=FACE_BOUND('',#1366,.T.);
#1485=FACE_BOUND('',#1367,.T.);
#1486=FACE_BOUND('',#1368,.T.);
#1487=FACE_BOUND('',#1369,.T.);
#1488=FACE_BOUND('',#1370,.T.);
#1489=FACE_BOUND('',#1371,.T.);
#1490=FACE_BOUND('',#1372,.T.);
#1491=FACE_BOUND('',#1373,.T.);
#1492=FACE_BOUND('',#1374,.T.);
#1493=FACE_BOUND('',#1375,.T.);
#1494=FACE_BOUND('',#1376,.T.);
#1495=FACE_BOUND('',#1377,.T.);
#1496=FACE_BOUND('',#1378,.T.);
#1497=FACE_BOUND('',#1379,.T.);
#1498=FACE_BOUND('',#1380,.T.);
#1499=FACE_BOUND('',#1381,.T.);
#1500=FACE_BOUND('',#1382,.T.);
#1501=FACE_BOUND('',#1383,.T.);
#1502=FACE_BOUND('',#1384,.T.);
#1503=FACE_BOUND('',#1385,.T.);
#1504=FACE_BOUND('',#1386,.T.);
#1505=FACE_BOUND('',#1387,.T.);
#1506=FACE_BOUND('',#1388,.T.);
#1507=FACE_BOUND('',#1389,.T.);
#1508=FACE_BOUND('',#1390,.T.);
#1509=FACE_BOUND('',#1391,.T.);
#1510=FACE_BOUND('',#1392,.T.);
#1511=FACE_BOUND('',#1393,.T.);
#1512=FACE_BOUND('',#1394,.T.);
#1513=FACE_BOUND('',#1395,.T.);
#1514=FACE_BOUND('',#1396,.T.);
#1515=FACE_BOUND('',#1397,.T.);
#1516=FACE_BOUND('',#1398,.T.);
#1517=FACE_BOUND('',#1399,.T.);
#1518=FACE_BOUND('',#1400,.T.);
#1519=FACE_BOUND('',#1401,.T.);
#1520=PLANE('',#1673);
#1521=PLANE('',#1676);
#1522=PLANE('',#1679);
#1523=PLANE('',#1684);
#1524=PLANE('',#1691);
#1525=PLANE('',#1695);
#1526=PLANE('',#1703);
#1527=PLANE('',#1712);
#1528=PLANE('',#1717);
#1529=PLANE('',#1724);
#1530=PLANE('',#1731);
#1531=PLANE('',#1732);
#1532=PLANE('',#1733);
#1533=PLANE('',#1734);
#1534=PLANE('',#1735);
#1535=PLANE('',#1784);
#1536=PLANE('',#1785);
#1537=PLANE('',#1786);
#1538=PLANE('',#1790);
#1539=PLANE('',#1791);
#1540=PLANE('',#1792);
#1541=PLANE('',#1793);
#1542=PLANE('',#1794);
#1543=PLANE('',#1798);
#1544=PLANE('',#1799);
#1545=PLANE('',#1800);
#1546=PLANE('',#1801);
#1547=PLANE('',#1802);
#1548=PLANE('',#1804);
#1549=PLANE('',#1806);
#1550=PLANE('',#1808);
#1551=PLANE('',#1809);
#1552=PLANE('',#1810);
#1553=PLANE('',#1812);
#1554=PLANE('',#1814);
#1555=PLANE('',#1817);
#1556=PLANE('',#1818);
#1557=PLANE('',#1821);
#1558=PLANE('',#1822);
#1559=PLANE('',#1856);
#1560=PLANE('',#1858);
#1561=ADVANCED_FACE('',(#1402,#1403),#1520,.T.);
#1562=ADVANCED_FACE('',(#1404,#1405),#1521,.F.);
#1563=ADVANCED_FACE('',(#1406),#1522,.T.);
#1564=ADVANCED_FACE('',(#1407),#1523,.T.);
#1565=ADVANCED_FACE('',(#1408),#44,.T.);
#1566=ADVANCED_FACE('',(#1409),#45,.T.);
#1567=ADVANCED_FACE('',(#1410),#1524,.F.);
#1568=ADVANCED_FACE('',(#1411),#46,.T.);
#1569=ADVANCED_FACE('',(#1412),#1525,.F.);
#1570=ADVANCED_FACE('',(#1413),#47,.T.);
#1571=ADVANCED_FACE('',(#1414,#1415),#1526,.F.);
#1572=ADVANCED_FACE('',(#1416),#1527,.T.);
#1573=ADVANCED_FACE('',(#1417,#1418,#1419),#1528,.F.);
#1574=ADVANCED_FACE('',(#1420),#48,.F.);
#1575=ADVANCED_FACE('',(#1421),#49,.F.);
#1576=ADVANCED_FACE('',(#1422,#1423,#1424),#1529,.T.);
#1577=ADVANCED_FACE('',(#1425),#50,.F.);
#1578=ADVANCED_FACE('',(#1426),#51,.F.);
#1579=ADVANCED_FACE('',(#1427),#1530,.F.);
#1580=ADVANCED_FACE('',(#1428),#1531,.T.);
#1581=ADVANCED_FACE('',(#1429),#1532,.F.);
#1582=ADVANCED_FACE('',(#1430),#1533,.F.);
#1583=ADVANCED_FACE('',(#1431),#1534,.T.);
#1584=ADVANCED_FACE('',(#1432),#52,.F.);
#1585=ADVANCED_FACE('',(#1433),#20,.T.);
#1586=ADVANCED_FACE('',(#1434),#21,.T.);
#1587=ADVANCED_FACE('',(#1435),#53,.T.);
#1588=ADVANCED_FACE('',(#1436),#54,.F.);
#1589=ADVANCED_FACE('',(#1437),#55,.T.);
#1590=ADVANCED_FACE('',(#1438),#56,.T.);
#1591=ADVANCED_FACE('',(#1439),#57,.T.);
#1592=ADVANCED_FACE('',(#1440),#22,.T.);
#1593=ADVANCED_FACE('',(#1441),#23,.T.);
#1594=ADVANCED_FACE('',(#1442),#24,.T.);
#1595=ADVANCED_FACE('',(#1443),#25,.T.);
#1596=ADVANCED_FACE('',(#1444),#16,.T.);
#1597=ADVANCED_FACE('',(#1445),#58,.T.);
#1598=ADVANCED_FACE('',(#1446),#59,.T.);
#1599=ADVANCED_FACE('',(#1447),#60,.T.);
#1600=ADVANCED_FACE('',(#1448),#61,.F.);
#1601=ADVANCED_FACE('',(#1449),#17,.T.);
#1602=ADVANCED_FACE('',(#1450),#26,.T.);
#1603=ADVANCED_FACE('',(#1451),#27,.T.);
#1604=ADVANCED_FACE('',(#1452),#18,.T.);
#1605=ADVANCED_FACE('',(#1453),#62,.F.);
#1606=ADVANCED_FACE('',(#1454),#63,.T.);
#1607=ADVANCED_FACE('',(#1455),#19,.T.);
#1608=ADVANCED_FACE('',(#1456),#1535,.F.);
#1609=ADVANCED_FACE('',(#1457),#1536,.F.);
#1610=ADVANCED_FACE('',(#1458),#1537,.T.);
#1611=ADVANCED_FACE('',(#1459,#1460),#64,.F.);
#1612=ADVANCED_FACE('',(#1461,#1462),#1538,.T.);
#1613=ADVANCED_FACE('',(#1463,#1464),#1539,.F.);
#1614=ADVANCED_FACE('',(#1465),#1540,.T.);
#1615=ADVANCED_FACE('',(#1466),#1541,.F.);
#1616=ADVANCED_FACE('',(#1467),#1542,.F.);
#1617=ADVANCED_FACE('',(#1468,#1469),#65,.F.);
#1618=ADVANCED_FACE('',(#1470,#1471),#1543,.T.);
#1619=ADVANCED_FACE('',(#1472,#1473),#1544,.F.);
#1620=ADVANCED_FACE('',(#1474),#1545,.F.);
#1621=ADVANCED_FACE('',(#1475),#1546,.T.);
#1622=ADVANCED_FACE('',(#1476,#1477),#1547,.T.);
#1623=ADVANCED_FACE('',(#1478,#1479),#1548,.F.);
#1624=ADVANCED_FACE('',(#1480),#1549,.F.);
#1625=ADVANCED_FACE('',(#1481,#1482),#66,.F.);
#1626=ADVANCED_FACE('',(#1483),#1550,.F.);
#1627=ADVANCED_FACE('',(#1484),#1551,.T.);
#1628=ADVANCED_FACE('',(#1485,#1486),#1552,.T.);
#1629=ADVANCED_FACE('',(#1487,#1488),#1553,.F.);
#1630=ADVANCED_FACE('',(#1489),#1554,.T.);
#1631=ADVANCED_FACE('',(#1490,#1491),#67,.F.);
#1632=ADVANCED_FACE('',(#1492),#12,.T.);
#1633=ADVANCED_FACE('',(#1493),#1555,.F.);
#1634=ADVANCED_FACE('',(#1494),#1556,.F.);
#1635=ADVANCED_FACE('',(#1495),#13,.T.);
#1636=ADVANCED_FACE('',(#1496),#14,.T.);
#1637=ADVANCED_FACE('',(#1497),#1557,.T.);
#1638=ADVANCED_FACE('',(#1498),#1558,.T.);
#1639=ADVANCED_FACE('',(#1499),#15,.T.);
#1640=ADVANCED_FACE('',(#1500),#28,.T.);
#1641=ADVANCED_FACE('',(#1501),#68,.T.);
#1642=ADVANCED_FACE('',(#1502),#69,.T.);
#1643=ADVANCED_FACE('',(#1503),#29,.T.);
#1644=ADVANCED_FACE('',(#1504),#30,.T.);
#1645=ADVANCED_FACE('',(#1505),#70,.T.);
#1646=ADVANCED_FACE('',(#1506),#71,.T.);
#1647=ADVANCED_FACE('',(#1507),#31,.T.);
#1648=ADVANCED_FACE('',(#1508),#32,.T.);
#1649=ADVANCED_FACE('',(#1509),#72,.T.);
#1650=ADVANCED_FACE('',(#1510),#73,.T.);
#1651=ADVANCED_FACE('',(#1511),#33,.T.);
#1652=ADVANCED_FACE('',(#1512),#34,.T.);
#1653=ADVANCED_FACE('',(#1513),#74,.T.);
#1654=ADVANCED_FACE('',(#1514),#75,.T.);
#1655=ADVANCED_FACE('',(#1515),#35,.T.);
#1656=ADVANCED_FACE('',(#1516),#1559,.T.);
#1657=ADVANCED_FACE('',(#1517),#76,.F.);
#1658=ADVANCED_FACE('',(#1518),#1560,.F.);
#1659=ADVANCED_FACE('',(#1519),#77,.F.);
#1660=CLOSED_SHELL('',(#1561,#1562,#1563,#1564,#1565,#1566,#1567,#1568,
#1569,#1570,#1571,#1572,#1573,#1574,#1575,#1576,#1577,#1578,#1579,#1580,
#1581,#1582,#1583,#1584,#1585,#1586,#1587,#1588,#1589,#1590,#1591,#1592,
#1593,#1594,#1595,#1596,#1597,#1598,#1599,#1600,#1601,#1602,#1603,#1604,
#1605,#1606,#1607,#1608,#1609,#1610,#1611,#1612,#1613,#1614,#1615,#1616,
#1617,#1618,#1619,#1620,#1621,#1622,#1623,#1624,#1625,#1626,#1627,#1628,
#1629,#1630,#1631,#1632,#1633,#1634,#1635,#1636,#1637,#1638,#1639,#1640,
#1641,#1642,#1643,#1644,#1645,#1646,#1647,#1648,#1649,#1650,#1651,#1652,
#1653,#1654,#1655,#1656,#1657,#1658,#1659));
#1661=STYLED_ITEM('',(#1662),#1669);
#1662=PRESENTATION_STYLE_ASSIGNMENT((#1663));
#1663=SURFACE_STYLE_USAGE(.BOTH.,#1664);
#1664=SURFACE_SIDE_STYLE('',(#1665));
#1665=SURFACE_STYLE_FILL_AREA(#1666);
#1666=FILL_AREA_STYLE('',(#1667));
#1667=FILL_AREA_STYLE_COLOUR('',#1668);
#1668=COLOUR_RGB('',0.917647058823529,0.917647058823529,0.917647058823529);
#1669=MANIFOLD_SOLID_BREP('Part 87',#1660);
#1670=SHAPE_DEFINITION_REPRESENTATION(#2922,#1671);
#1671=SHAPE_REPRESENTATION('Part 87',(#1672),#2917);
#1672=AXIS2_PLACEMENT_3D('',#2370,#1860,#1861);
#1673=AXIS2_PLACEMENT_3D('',#2371,#1862,#1863);
#1674=AXIS2_PLACEMENT_3D('',#2380,#1868,#1869);
#1675=AXIS2_PLACEMENT_3D('',#2385,#1871,#1872);
#1676=AXIS2_PLACEMENT_3D('',#2388,#1874,#1875);
#1677=AXIS2_PLACEMENT_3D('',#2400,#1881,#1882);
#1678=AXIS2_PLACEMENT_3D('',#2404,#1884,#1885);
#1679=AXIS2_PLACEMENT_3D('',#2405,#1886,#1887);
#1680=AXIS2_PLACEMENT_3D('',#2413,#1891,#1892);
#1681=AXIS2_PLACEMENT_3D('',#2417,#1894,#1895);
#1682=AXIS2_PLACEMENT_3D('',#2421,#1897,#1898);
#1683=AXIS2_PLACEMENT_3D('',#2425,#1900,#1901);
#1684=AXIS2_PLACEMENT_3D('',#2430,#1904,#1905);
#1685=AXIS2_PLACEMENT_3D('',#2439,#1910,#1911);
#1686=AXIS2_PLACEMENT_3D('',#2440,#1912,#1913);
#1687=AXIS2_PLACEMENT_3D('',#2441,#1914,#1915);
#1688=AXIS2_PLACEMENT_3D('',#2442,#1916,#1917);
#1689=AXIS2_PLACEMENT_3D('',#2443,#1918,#1919);
#1690=AXIS2_PLACEMENT_3D('',#2447,#1921,#1922);
#1691=AXIS2_PLACEMENT_3D('',#2448,#1923,#1924);
#1692=AXIS2_PLACEMENT_3D('',#2454,#1928,#1929);
#1693=AXIS2_PLACEMENT_3D('',#2455,#1930,#1931);
#1694=AXIS2_PLACEMENT_3D('',#2473,#1935,#1936);
#1695=AXIS2_PLACEMENT_3D('',#2474,#1937,#1938);
#1696=AXIS2_PLACEMENT_3D('',#2480,#1942,#1943);
#1697=AXIS2_PLACEMENT_3D('',#2484,#1945,#1946);
#1698=AXIS2_PLACEMENT_3D('',#2488,#1948,#1949);
#1699=AXIS2_PLACEMENT_3D('',#2492,#1951,#1952);
#1700=AXIS2_PLACEMENT_3D('',#2493,#1953,#1954);
#1701=AXIS2_PLACEMENT_3D('',#2494,#1955,#1956);
#1702=AXIS2_PLACEMENT_3D('',#2495,#1957,#1958);
#1703=AXIS2_PLACEMENT_3D('',#2496,#1959,#1960);
#1704=AXIS2_PLACEMENT_3D('',#2500,#1962,#1963);
#1705=AXIS2_PLACEMENT_3D('',#2504,#1965,#1966);
#1706=AXIS2_PLACEMENT_3D('',#2508,#1968,#1969);
#1707=AXIS2_PLACEMENT_3D('',#2512,#1971,#1972);
#1708=AXIS2_PLACEMENT_3D('',#2516,#1974,#1975);
#1709=AXIS2_PLACEMENT_3D('',#2520,#1977,#1978);
#1710=AXIS2_PLACEMENT_3D('',#2524,#1980,#1981);
#1711=AXIS2_PLACEMENT_3D('',#2528,#1983,#1984);
#1712=AXIS2_PLACEMENT_3D('',#2529,#1985,#1986);
#1713=AXIS2_PLACEMENT_3D('',#2533,#1988,#1989);
#1714=AXIS2_PLACEMENT_3D('',#2537,#1991,#1992);
#1715=AXIS2_PLACEMENT_3D('',#2541,#1994,#1995);
#1716=AXIS2_PLACEMENT_3D('',#2545,#1997,#1998);
#1717=AXIS2_PLACEMENT_3D('',#2546,#1999,#2000);
#1718=AXIS2_PLACEMENT_3D('',#2571,#2013,#2014);
#1719=AXIS2_PLACEMENT_3D('',#2572,#2015,#2016);
#1720=AXIS2_PLACEMENT_3D('',#2573,#2017,#2018);
#1721=AXIS2_PLACEMENT_3D('',#2574,#2019,#2020);
#1722=AXIS2_PLACEMENT_3D('',#2578,#2022,#2023);
#1723=AXIS2_PLACEMENT_3D('',#2579,#2024,#2025);
#1724=AXIS2_PLACEMENT_3D('',#2580,#2026,#2027);
#1725=AXIS2_PLACEMENT_3D('',#2602,#2039,#2040);
#1726=AXIS2_PLACEMENT_3D('',#2603,#2041,#2042);
#1727=AXIS2_PLACEMENT_3D('',#2604,#2043,#2044);
#1728=AXIS2_PLACEMENT_3D('',#2616,#2046,#2047);
#1729=AXIS2_PLACEMENT_3D('',#2617,#2048,#2049);
#1730=AXIS2_PLACEMENT_3D('',#2618,#2050,#2051);
#1731=AXIS2_PLACEMENT_3D('',#2619,#2052,#2053);
#1732=AXIS2_PLACEMENT_3D('',#2620,#2054,#2055);
#1733=AXIS2_PLACEMENT_3D('',#2629,#2060,#2061);
#1734=AXIS2_PLACEMENT_3D('',#2638,#2066,#2067);
#1735=AXIS2_PLACEMENT_3D('',#2647,#2072,#2073);
#1736=AXIS2_PLACEMENT_3D('',#2656,#2078,#2079);
#1737=AXIS2_PLACEMENT_3D('',#2657,#2080,#2081);
#1738=AXIS2_PLACEMENT_3D('',#2658,#2082,#2083);
#1739=AXIS2_PLACEMENT_3D('',#2659,#2084,#2085);
#1740=AXIS2_PLACEMENT_3D('',#2660,#2086,#2087);
#1741=AXIS2_PLACEMENT_3D('',#2661,#2088,#2089);
#1742=AXIS2_PLACEMENT_3D('',#2662,#2090,#2091);
#1743=AXIS2_PLACEMENT_3D('',#2663,#2092,#2093);
#1744=AXIS2_PLACEMENT_3D('',#2664,#2094,#2095);
#1745=AXIS2_PLACEMENT_3D('',#2665,#2096,#2097);
#1746=AXIS2_PLACEMENT_3D('',#2666,#2098,#2099);
#1747=AXIS2_PLACEMENT_3D('',#2667,#2100,#2101);
#1748=AXIS2_PLACEMENT_3D('',#2668,#2102,#2103);
#1749=AXIS2_PLACEMENT_3D('',#2669,#2104,#2105);
#1750=AXIS2_PLACEMENT_3D('',#2670,#2106,#2107);
#1751=AXIS2_PLACEMENT_3D('',#2671,#2108,#2109);
#1752=AXIS2_PLACEMENT_3D('',#2672,#2110,#2111);
#1753=AXIS2_PLACEMENT_3D('',#2673,#2112,#2113);
#1754=AXIS2_PLACEMENT_3D('',#2674,#2114,#2115);
#1755=AXIS2_PLACEMENT_3D('',#2675,#2116,#2117);
#1756=AXIS2_PLACEMENT_3D('',#2676,#2118,#2119);
#1757=AXIS2_PLACEMENT_3D('',#2677,#2120,#2121);
#1758=AXIS2_PLACEMENT_3D('',#2678,#2122,#2123);
#1759=AXIS2_PLACEMENT_3D('',#2679,#2124,#2125);
#1760=AXIS2_PLACEMENT_3D('',#2680,#2126,#2127);
#1761=AXIS2_PLACEMENT_3D('',#2681,#2128,#2129);
#1762=AXIS2_PLACEMENT_3D('',#2683,#2130,#2131);
#1763=AXIS2_PLACEMENT_3D('',#2684,#2132,#2133);
#1764=AXIS2_PLACEMENT_3D('',#2685,#2134,#2135);
#1765=AXIS2_PLACEMENT_3D('',#2687,#2136,#2137);
#1766=AXIS2_PLACEMENT_3D('',#2704,#2138,#2139);
#1767=AXIS2_PLACEMENT_3D('',#2705,#2140,#2141);
#1768=AXIS2_PLACEMENT_3D('',#2706,#2142,#2143);
#1769=AXIS2_PLACEMENT_3D('',#2707,#2144,#2145);
#1770=AXIS2_PLACEMENT_3D('',#2708,#2146,#2147);
#1771=AXIS2_PLACEMENT_3D('',#2709,#2148,#2149);
#1772=AXIS2_PLACEMENT_3D('',#2710,#2150,#2151);
#1773=AXIS2_PLACEMENT_3D('',#2711,#2152,#2153);
#1774=AXIS2_PLACEMENT_3D('',#2733,#2154,#2155);
#1775=AXIS2_PLACEMENT_3D('',#2734,#2156,#2157);
#1776=AXIS2_PLACEMENT_3D('',#2735,#2158,#2159);
#1777=AXIS2_PLACEMENT_3D('',#2736,#2160,#2161);
#1778=AXIS2_PLACEMENT_3D('',#2737,#2162,#2163);
#1779=AXIS2_PLACEMENT_3D('',#2739,#2164,#2165);
#1780=AXIS2_PLACEMENT_3D('',#2752,#2166,#2167);
#1781=AXIS2_PLACEMENT_3D('',#2753,#2168,#2169);
#1782=AXIS2_PLACEMENT_3D('',#2758,#2170,#2171);
#1783=AXIS2_PLACEMENT_3D('',#2759,#2172,#2173);
#1784=AXIS2_PLACEMENT_3D('',#2772,#2174,#2175);
#1785=AXIS2_PLACEMENT_3D('',#2778,#2179,#2180);
#1786=AXIS2_PLACEMENT_3D('',#2784,#2184,#2185);
#1787=AXIS2_PLACEMENT_3D('',#2787,#2188,#2189);
#1788=AXIS2_PLACEMENT_3D('',#2788,#2190,#2191);
#1789=AXIS2_PLACEMENT_3D('',#2790,#2192,#2193);
#1790=AXIS2_PLACEMENT_3D('',#2792,#2194,#2195);
#1791=AXIS2_PLACEMENT_3D('',#2793,#2196,#2197);
#1792=AXIS2_PLACEMENT_3D('',#2794,#2198,#2199);
#1793=AXIS2_PLACEMENT_3D('',#2800,#2203,#2204);
#1794=AXIS2_PLACEMENT_3D('',#2806,#2208,#2209);
#1795=AXIS2_PLACEMENT_3D('',#2809,#2212,#2213);
#1796=AXIS2_PLACEMENT_3D('',#2810,#2214,#2215);
#1797=AXIS2_PLACEMENT_3D('',#2812,#2216,#2217);
#1798=AXIS2_PLACEMENT_3D('',#2814,#2218,#2219);
#1799=AXIS2_PLACEMENT_3D('',#2815,#2220,#2221);
#1800=AXIS2_PLACEMENT_3D('',#2816,#2222,#2223);
#1801=AXIS2_PLACEMENT_3D('',#2822,#2227,#2228);
#1802=AXIS2_PLACEMENT_3D('',#2828,#2232,#2233);
#1803=AXIS2_PLACEMENT_3D('',#2829,#2234,#2235);
#1804=AXIS2_PLACEMENT_3D('',#2832,#2237,#2238);
#1805=AXIS2_PLACEMENT_3D('',#2833,#2239,#2240);
#1806=AXIS2_PLACEMENT_3D('',#2836,#2242,#2243);
#1807=AXIS2_PLACEMENT_3D('',#2837,#2244,#2245);
#1808=AXIS2_PLACEMENT_3D('',#2838,#2246,#2247);
#1809=AXIS2_PLACEMENT_3D('',#2844,#2251,#2252);
#1810=AXIS2_PLACEMENT_3D('',#2850,#2256,#2257);
#1811=AXIS2_PLACEMENT_3D('',#2851,#2258,#2259);
#1812=AXIS2_PLACEMENT_3D('',#2854,#2261,#2262);
#1813=AXIS2_PLACEMENT_3D('',#2855,#2263,#2264);
#1814=AXIS2_PLACEMENT_3D('',#2858,#2266,#2267);
#1815=AXIS2_PLACEMENT_3D('',#2859,#2268,#2269);
#1816=AXIS2_PLACEMENT_3D('',#2860,#2270,#2271);
#1817=AXIS2_PLACEMENT_3D('',#2863,#2274,#2275);
#1818=AXIS2_PLACEMENT_3D('',#2865,#2277,#2278);
#1819=AXIS2_PLACEMENT_3D('',#2867,#2280,#2281);
#1820=AXIS2_PLACEMENT_3D('',#2869,#2283,#2284);
#1821=AXIS2_PLACEMENT_3D('',#2871,#2286,#2287);
#1822=AXIS2_PLACEMENT_3D('',#2873,#2289,#2290);
#1823=AXIS2_PLACEMENT_3D('',#2875,#2292,#2293);
#1824=AXIS2_PLACEMENT_3D('',#2876,#2294,#2295);
#1825=AXIS2_PLACEMENT_3D('',#2877,#2296,#2297);
#1826=AXIS2_PLACEMENT_3D('',#2878,#2298,#2299);
#1827=AXIS2_PLACEMENT_3D('',#2879,#2300,#2301);
#1828=AXIS2_PLACEMENT_3D('',#2880,#2302,#2303);
#1829=AXIS2_PLACEMENT_3D('',#2881,#2304,#2305);
#1830=AXIS2_PLACEMENT_3D('',#2882,#2306,#2307);
#1831=AXIS2_PLACEMENT_3D('',#2883,#2308,#2309);
#1832=AXIS2_PLACEMENT_3D('',#2884,#2310,#2311);
#1833=AXIS2_PLACEMENT_3D('',#2885,#2312,#2313);
#1834=AXIS2_PLACEMENT_3D('',#2886,#2314,#2315);
#1835=AXIS2_PLACEMENT_3D('',#2887,#2316,#2317);
#1836=AXIS2_PLACEMENT_3D('',#2888,#2318,#2319);
#1837=AXIS2_PLACEMENT_3D('',#2889,#2320,#2321);
#1838=AXIS2_PLACEMENT_3D('',#2890,#2322,#2323);
#1839=AXIS2_PLACEMENT_3D('',#2891,#2324,#2325);
#1840=AXIS2_PLACEMENT_3D('',#2892,#2326,#2327);
#1841=AXIS2_PLACEMENT_3D('',#2893,#2328,#2329);
#1842=AXIS2_PLACEMENT_3D('',#2894,#2330,#2331);
#1843=AXIS2_PLACEMENT_3D('',#2895,#2332,#2333);
#1844=AXIS2_PLACEMENT_3D('',#2896,#2334,#2335);
#1845=AXIS2_PLACEMENT_3D('',#2897,#2336,#2337);
#1846=AXIS2_PLACEMENT_3D('',#2898,#2338,#2339);
#1847=AXIS2_PLACEMENT_3D('',#2899,#2340,#2341);
#1848=AXIS2_PLACEMENT_3D('',#2900,#2342,#2343);
#1849=AXIS2_PLACEMENT_3D('',#2901,#2344,#2345);
#1850=AXIS2_PLACEMENT_3D('',#2902,#2346,#2347);
#1851=AXIS2_PLACEMENT_3D('',#2903,#2348,#2349);
#1852=AXIS2_PLACEMENT_3D('',#2904,#2350,#2351);
#1853=AXIS2_PLACEMENT_3D('',#2905,#2352,#2353);
#1854=AXIS2_PLACEMENT_3D('',#2906,#2354,#2355);
#1855=AXIS2_PLACEMENT_3D('',#2907,#2356,#2357);
#1856=AXIS2_PLACEMENT_3D('',#2908,#2358,#2359);
#1857=AXIS2_PLACEMENT_3D('',#2911,#2362,#2363);
#1858=AXIS2_PLACEMENT_3D('',#2913,#2365,#2366);
#1859=AXIS2_PLACEMENT_3D('',#2915,#2368,#2369);
#1860=DIRECTION('',(0.,0.,1.));
#1861=DIRECTION('',(1.,0.,0.));
#1862=DIRECTION('',(0.,0.,-1.));
#1863=DIRECTION('',(0.,1.,0.));
#1864=DIRECTION('',(0.,-1.,0.));
#1865=DIRECTION('',(1.,0.,0.));
#1866=DIRECTION('',(0.,-1.,0.));
#1867=DIRECTION('',(-1.,0.,0.));
#1868=DIRECTION('',(0.,0.,-1.));
#1869=DIRECTION('',(0.,1.,0.));
#1870=DIRECTION('',(-1.,0.,0.));
#1871=DIRECTION('',(0.,0.,-1.));
#1872=DIRECTION('',(0.,1.,0.));
#1873=DIRECTION('',(-1.,0.,0.));
#1874=DIRECTION('',(0.,0.,-1.));
#1875=DIRECTION('',(0.,1.,0.));
#1876=DIRECTION('',(0.,1.,0.));
#1877=DIRECTION('',(1.,0.,0.));
#1878=DIRECTION('',(0.,-1.,0.));
#1879=DIRECTION('',(1.,0.,0.));
#1880=DIRECTION('',(-1.,0.,0.));
#1881=DIRECTION('',(0.,0.,-1.));
#1882=DIRECTION('',(0.,1.,0.));
#1883=DIRECTION('',(-1.,0.,0.));
#1884=DIRECTION('',(0.,0.,-1.));
#1885=DIRECTION('',(0.,1.,0.));
#1886=DIRECTION('',(0.,0.,-1.));
#1887=DIRECTION('',(0.,1.,0.));
#1888=DIRECTION('',(0.,1.,0.));
#1889=DIRECTION('',(1.,0.,0.));
#1890=DIRECTION('',(0.,-1.,0.));
#1891=DIRECTION('',(0.,0.,-1.));
#1892=DIRECTION('',(0.,1.,0.));
#1893=DIRECTION('',(-1.,0.,0.));
#1894=DIRECTION('',(0.,0.,-1.));
#1895=DIRECTION('',(0.,1.,0.));
#1896=DIRECTION('',(0.,1.,0.));
#1897=DIRECTION('',(0.,0.,-1.));
#1898=DIRECTION('',(0.,1.,0.));
#1899=DIRECTION('',(-1.,0.,0.));
#1900=DIRECTION('',(0.,0.,-1.));
#1901=DIRECTION('',(0.,1.,0.));
#1902=DIRECTION('',(0.,-1.,0.));
#1903=DIRECTION('',(1.,0.,0.));
#1904=DIRECTION('',(-1.,0.,0.));
#1905=DIRECTION('',(0.,1.,0.));
#1906=DIRECTION('',(0.,-1.,0.));
#1907=DIRECTION('',(0.,0.,-1.));
#1908=DIRECTION('',(0.,-1.,0.));
#1909=DIRECTION('',(0.,0.,1.));
#1910=DIRECTION('',(0.,-1.,0.));
#1911=DIRECTION('',(-1.,0.,0.));
#1912=DIRECTION('',(0.,-1.,0.));
#1913=DIRECTION('',(-1.,0.,0.));
#1914=DIRECTION('',(0.,-1.,0.));
#1915=DIRECTION('',(-1.,0.,0.));
#1916=DIRECTION('',(0.,-1.,0.));
#1917=DIRECTION('',(-1.,0.,0.));
#1918=DIRECTION('',(0.,-1.,0.));
#1919=DIRECTION('',(-1.,0.,0.));
#1920=DIRECTION('',(0.,-1.,0.));
#1921=DIRECTION('',(0.,-1.,0.));
#1922=DIRECTION('',(-1.,0.,0.));
#1923=DIRECTION('',(-1.,0.,0.));
#1924=DIRECTION('',(0.,1.,0.));
#1925=DIRECTION('',(0.,0.,-1.));
#1926=DIRECTION('',(0.,-1.,0.));
#1927=DIRECTION('',(0.,0.,-1.));
#1928=DIRECTION('',(0.,-1.,0.));
#1929=DIRECTION('',(-1.,0.,0.));
#1930=DIRECTION('',(0.,-1.,0.));
#1931=DIRECTION('',(-1.,0.,0.));
#1932=DIRECTION('',(0.,-1.,0.));
#1933=DIRECTION('',(0.,-1.,0.));
#1934=DIRECTION('',(0.,-1.,0.));
#1935=DIRECTION('',(0.,-1.,0.));
#1936=DIRECTION('',(-1.,0.,0.));
#1937=DIRECTION('',(0.,0.,-1.));
#1938=DIRECTION('',(0.,1.,0.));
#1939=DIRECTION('',(1.,0.,0.));
#1940=DIRECTION('',(0.,-1.,0.));
#1941=DIRECTION('',(1.,0.,0.));
#1942=DIRECTION('',(0.,0.,-1.));
#1943=DIRECTION('',(0.,1.,0.));
#1944=DIRECTION('',(1.,0.,0.));
#1945=DIRECTION('',(0.,0.,-1.));
#1946=DIRECTION('',(0.,1.,0.));
#1947=DIRECTION('',(0.,-1.,0.));
#1948=DIRECTION('',(0.,0.,-1.));
#1949=DIRECTION('',(0.,1.,0.));
#1950=DIRECTION('',(1.,0.,0.));
#1951=DIRECTION('',(0.,0.,-1.));
#1952=DIRECTION('',(0.,1.,0.));
#1953=DIRECTION('',(0.,-1.,0.));
#1954=DIRECTION('',(-1.,0.,0.));
#1955=DIRECTION('',(0.,-1.,0.));
#1956=DIRECTION('',(-1.,0.,0.));
#1957=DIRECTION('',(0.,-1.,0.));
#1958=DIRECTION('',(-1.,0.,0.));
#1959=DIRECTION('',(0.,-1.,0.));
#1960=DIRECTION('',(1.,0.,0.));
#1961=DIRECTION('',(1.,0.,0.));
#1962=DIRECTION('',(0.,-1.,0.));
#1963=DIRECTION('',(-1.,0.,0.));
#1964=DIRECTION('',(0.,0.,-1.));
#1965=DIRECTION('',(0.,-1.,0.));
#1966=DIRECTION('',(-1.,0.,0.));
#1967=DIRECTION('',(1.,0.,0.));
#1968=DIRECTION('',(0.,-1.,0.));
#1969=DIRECTION('',(-1.,0.,0.));
#1970=DIRECTION('',(0.,0.,-1.));
#1971=DIRECTION('',(0.,-1.,0.));
#1972=DIRECTION('',(-1.,0.,0.));
#1973=DIRECTION('',(0.,0.,-1.));
#1974=DIRECTION('',(0.,-1.,0.));
#1975=DIRECTION('',(-1.,0.,0.));
#1976=DIRECTION('',(1.,0.,0.));
#1977=DIRECTION('',(0.,-1.,0.));
#1978=DIRECTION('',(-1.,0.,0.));
#1979=DIRECTION('',(0.,0.,-1.));
#1980=DIRECTION('',(0.,-1.,0.));
#1981=DIRECTION('',(-1.,0.,0.));
#1982=DIRECTION('',(1.,0.,0.));
#1983=DIRECTION('',(0.,-1.,0.));
#1984=DIRECTION('',(-1.,0.,0.));
#1985=DIRECTION('',(0.,-1.,0.));
#1986=DIRECTION('',(1.,0.,0.));
#1987=DIRECTION('',(0.,0.,1.));
#1988=DIRECTION('',(0.,-1.,0.));
#1989=DIRECTION('',(-1.,0.,0.));
#1990=DIRECTION('',(-1.,0.,0.));
#1991=DIRECTION('',(0.,-1.,0.));
#1992=DIRECTION('',(-1.,0.,0.));
#1993=DIRECTION('',(0.,0.,-1.));
#1994=DIRECTION('',(0.,-1.,0.));
#1995=DIRECTION('',(-1.,0.,0.));
#1996=DIRECTION('',(1.,0.,0.));
#1997=DIRECTION('',(0.,-1.,0.));
#1998=DIRECTION('',(-1.,0.,0.));
#1999=DIRECTION('',(-1.,0.,0.));
#2000=DIRECTION('',(0.,1.,0.));
#2001=DIRECTION('',(0.,1.,0.));
#2002=DIRECTION('',(0.,0.,1.));
#2003=DIRECTION('',(0.,1.,0.));
#2004=DIRECTION('',(0.,0.,1.));
#2005=DIRECTION('',(0.,1.,0.));
#2006=DIRECTION('',(0.,0.,1.));
#2007=DIRECTION('',(0.,1.,0.));
#2008=DIRECTION('',(0.,0.,1.));
#2009=DIRECTION('',(0.,1.,0.));
#2010=DIRECTION('',(0.,0.,-1.));
#2011=DIRECTION('',(0.,-1.,0.));
#2012=DIRECTION('',(0.,0.,-1.));
#2013=DIRECTION('',(0.,-1.,0.));
#2014=DIRECTION('',(-1.,0.,0.));
#2015=DIRECTION('',(0.,-1.,0.));
#2016=DIRECTION('',(-1.,0.,0.));
#2017=DIRECTION('',(0.,-1.,0.));
#2018=DIRECTION('',(-1.,0.,0.));
#2019=DIRECTION('',(0.,-1.,0.));
#2020=DIRECTION('',(-1.,0.,0.));
#2021=DIRECTION('',(0.,-1.,0.));
#2022=DIRECTION('',(0.,-1.,0.));
#2023=DIRECTION('',(-1.,0.,0.));
#2024=DIRECTION('',(0.,-1.,0.));
#2025=DIRECTION('',(-1.,0.,0.));
#2026=DIRECTION('',(-1.,0.,0.));
#2027=DIRECTION('',(0.,1.,0.));
#2028=DIRECTION('',(0.,0.,1.));
#2029=DIRECTION('',(0.,-1.,0.));
#2030=DIRECTION('',(0.,0.,1.));
#2031=DIRECTION('',(0.,-1.,0.));
#2032=DIRECTION('',(0.,0.,1.));
#2033=DIRECTION('',(0.,-1.,0.));
#2034=DIRECTION('',(0.,0.,1.));
#2035=DIRECTION('',(0.,-1.,0.));
#2036=DIRECTION('',(0.,1.,0.));
#2037=DIRECTION('',(0.,0.,-1.));
#2038=DIRECTION('',(0.,0.,-1.));
#2039=DIRECTION('',(0.,-1.,0.));
#2040=DIRECTION('',(-1.,0.,0.));
#2041=DIRECTION('',(0.,-1.,0.));
#2042=DIRECTION('',(-1.,0.,0.));
#2043=DIRECTION('',(0.,-1.,0.));
#2044=DIRECTION('',(-1.,0.,0.));
#2045=DIRECTION('',(0.,-1.,0.));
#2046=DIRECTION('',(0.,-1.,0.));
#2047=DIRECTION('',(-1.,0.,0.));
#2048=DIRECTION('',(0.,-1.,0.));
#2049=DIRECTION('',(-1.,0.,0.));
#2050=DIRECTION('',(0.,-1.,0.));
#2051=DIRECTION('',(-1.,0.,0.));
#2052=DIRECTION('',(0.,-1.,0.));
#2053=DIRECTION('',(1.,0.,0.));
#2054=DIRECTION('',(0.,-1.,0.));
#2055=DIRECTION('',(-1.,0.,0.));
#2056=DIRECTION('',(-1.,0.,0.));
#2057=DIRECTION('',(0.,0.,1.));
#2058=DIRECTION('',(1.,0.,0.));
#2059=DIRECTION('',(0.,0.,1.));
#2060=DIRECTION('',(-1.,0.,0.));
#2061=DIRECTION('',(0.,1.,0.));
#2062=DIRECTION('',(0.,1.,0.));
#2063=DIRECTION('',(0.,0.,1.));
#2064=DIRECTION('',(0.,-1.,0.));
#2065=DIRECTION('',(0.,0.,1.));
#2066=DIRECTION('',(0.,-1.,0.));
#2067=DIRECTION('',(-1.,0.,0.));
#2068=DIRECTION('',(0.,0.,1.));
#2069=DIRECTION('',(-1.,0.,0.));
#2070=DIRECTION('',(0.,0.,1.));
#2071=DIRECTION('',(1.,0.,0.));
#2072=DIRECTION('',(-1.,0.,0.));
#2073=DIRECTION('',(0.,1.,0.));
#2074=DIRECTION('',(0.,-1.,0.));
#2075=DIRECTION('',(0.,0.,1.));
#2076=DIRECTION('',(0.,1.,0.));
#2077=DIRECTION('',(0.,0.,1.));
#2078=DIRECTION('',(0.,0.,-1.));
#2079=DIRECTION('',(0.,1.,0.));
#2080=DIRECTION('',(0.,0.,-1.));
#2081=DIRECTION('',(0.,1.,0.));
#2082=DIRECTION('',(0.,0.,-1.));
#2083=DIRECTION('',(0.,1.,0.));
#2084=DIRECTION('',(0.,0.,-1.));
#2085=DIRECTION('',(0.,1.,0.));
#2086=DIRECTION('',(-1.,0.,0.));
#2087=DIRECTION('',(0.,1.,0.));
#2088=DIRECTION('',(0.,-1.,0.));
#2089=DIRECTION('',(-1.,0.,0.));
#2090=DIRECTION('',(0.,0.,-1.));
#2091=DIRECTION('',(0.,1.,0.));
#2092=DIRECTION('',(-1.,0.,0.));
#2093=DIRECTION('',(0.,1.,0.));
#2094=DIRECTION('',(0.,-1.,0.));
#2095=DIRECTION('',(-1.,0.,0.));
#2096=DIRECTION('',(0.,-1.,0.));
#2097=DIRECTION('',(-1.,0.,0.));
#2098=DIRECTION('',(0.,1.,0.));
#2099=DIRECTION('',(1.,0.,0.));
#2100=DIRECTION('',(0.,0.,1.));
#2101=DIRECTION('',(0.,-1.,0.));
#2102=DIRECTION('',(0.,0.,-1.));
#2103=DIRECTION('',(0.,1.,0.));
#2104=DIRECTION('',(0.,0.,-1.));
#2105=DIRECTION('',(0.,1.,0.));
#2106=DIRECTION('',(0.,-1.,0.));
#2107=DIRECTION('',(-1.,0.,0.));
#2108=DIRECTION('',(0.,1.,0.));
#2109=DIRECTION('',(1.,0.,0.));
#2110=DIRECTION('',(1.,0.,0.));
#2111=DIRECTION('',(0.,-1.,0.));
#2112=DIRECTION('',(1.,0.,0.));
#2113=DIRECTION('',(0.,-1.,0.));
#2114=DIRECTION('',(1.,0.,0.));
#2115=DIRECTION('',(0.,-1.,0.));
#2116=DIRECTION('',(1.,0.,0.));
#2117=DIRECTION('',(0.,-1.,0.));
#2118=DIRECTION('',(0.,0.,-1.));
#2119=DIRECTION('',(0.,1.,0.));
#2120=DIRECTION('',(-1.,0.,0.));
#2121=DIRECTION('',(0.,1.,0.));
#2122=DIRECTION('',(0.,0.,-1.));
#2123=DIRECTION('',(0.,1.,0.));
#2124=DIRECTION('',(-1.,0.,0.));
#2125=DIRECTION('',(0.,1.,0.));
#2126=DIRECTION('',(0.,0.,-1.));
#2127=DIRECTION('',(0.,1.,0.));
#2128=DIRECTION('',(0.866025403784463,0.499999999999958,0.));
#2129=DIRECTION('',(0.499999999999958,-0.866025403784463,0.));
#2130=DIRECTION('',(0.,0.,-1.));
#2131=DIRECTION('',(0.,1.,0.));
#2132=DIRECTION('',(0.,0.,-1.));
#2133=DIRECTION('',(0.,1.,0.));
#2134=DIRECTION('',(0.,0.,-1.));
#2135=DIRECTION('',(0.,1.,0.));
#2136=DIRECTION('',(0.866025403784463,0.499999999999958,0.));
#2137=DIRECTION('',(0.499999999999958,-0.866025403784463,0.));
#2138=DIRECTION('',(0.,1.,0.));
#2139=DIRECTION('',(1.,0.,0.));
#2140=DIRECTION('',(0.,-1.,0.));
#2141=DIRECTION('',(-1.,0.,0.));
#2142=DIRECTION('',(-9.21071207960151E-29,1.,2.40346315390974E-15));
#2143=DIRECTION('',(0.,-2.40346315390974E-15,1.));
#2144=DIRECTION('',(-1.,0.,0.));
#2145=DIRECTION('',(0.,1.,0.));
#2146=DIRECTION('',(1.,0.,0.));
#2147=DIRECTION('',(0.,-1.,0.));
#2148=DIRECTION('',(-1.,0.,0.));
#2149=DIRECTION('',(0.,1.,0.));
#2150=DIRECTION('',(1.,0.,0.));
#2151=DIRECTION('',(0.,-1.,0.));
#2152=DIRECTION('',(0.,0.,1.));
#2153=DIRECTION('',(0.,-1.,0.));
#2154=DIRECTION('',(-0.866025403784465,0.499999999999955,0.));
#2155=DIRECTION('',(0.499999999999955,0.866025403784465,0.));
#2156=DIRECTION('',(0.,0.,-1.));
#2157=DIRECTION('',(0.,1.,0.));
#2158=DIRECTION('',(0.,0.,-1.));
#2159=DIRECTION('',(0.,1.,0.));
#2160=DIRECTION('',(0.,0.,-1.));
#2161=DIRECTION('',(0.,1.,0.));
#2162=DIRECTION('',(0.,0.,-1.));
#2163=DIRECTION('',(0.,1.,0.));
#2164=DIRECTION('',(0.866025403784465,-0.499999999999955,0.));
#2165=DIRECTION('',(-0.499999999999955,-0.866025403784465,0.));
#2166=DIRECTION('',(0.,1.,0.));
#2167=DIRECTION('',(1.,0.,0.));
#2168=DIRECTION('',(0.,0.,-1.));
#2169=DIRECTION('',(0.,1.,0.));
#2170=DIRECTION('',(0.,-1.,0.));
#2171=DIRECTION('',(-1.,0.,0.));
#2172=DIRECTION('',(0.,1.,2.40250157009022E-15));
#2173=DIRECTION('',(0.,-2.40250157009022E-15,1.));
#2174=DIRECTION('',(0.,0.,-1.));
#2175=DIRECTION('',(0.,1.,0.));
#2176=DIRECTION('',(-1.,0.,0.));
#2177=DIRECTION('',(0.,1.,0.));
#2178=DIRECTION('',(-1.,0.,0.));
#2179=DIRECTION('',(1.,0.,0.));
#2180=DIRECTION('',(0.,-1.,0.));
#2181=DIRECTION('',(0.,0.,-1.));
#2182=DIRECTION('',(0.,1.,0.));
#2183=DIRECTION('',(0.,0.,-1.));
#2184=DIRECTION('',(0.,0.,-1.));
#2185=DIRECTION('',(0.,1.,0.));
#2186=DIRECTION('',(-1.,0.,0.));
#2187=DIRECTION('',(-1.,0.,0.));
#2188=DIRECTION('',(0.,1.,0.));
#2189=DIRECTION('',(1.,0.,0.));
#2190=DIRECTION('',(0.,-1.,0.));
#2191=DIRECTION('',(-1.,0.,0.));
#2192=DIRECTION('',(0.,-1.,0.));
#2193=DIRECTION('',(-1.,0.,0.));
#2194=DIRECTION('',(0.,-1.,0.));
#2195=DIRECTION('',(1.,0.,0.));
#2196=DIRECTION('',(0.,-1.,0.));
#2197=DIRECTION('',(1.,0.,0.));
#2198=DIRECTION('',(0.,0.,-1.));
#2199=DIRECTION('',(0.,1.,0.));
#2200=DIRECTION('',(-1.,0.,0.));
#2201=DIRECTION('',(-1.,0.,0.));
#2202=DIRECTION('',(0.,1.,0.));
#2203=DIRECTION('',(0.,0.,-1.));
#2204=DIRECTION('',(0.,1.,0.));
#2205=DIRECTION('',(-1.,0.,0.));
#2206=DIRECTION('',(0.,1.,0.));
#2207=DIRECTION('',(-1.,0.,0.));
#2208=DIRECTION('',(1.,0.,0.));
#2209=DIRECTION('',(0.,-1.,0.));
#2210=DIRECTION('',(0.,0.,-1.));
#2211=DIRECTION('',(0.,0.,-1.));
#2212=DIRECTION('',(0.,1.,0.));
#2213=DIRECTION('',(1.,0.,0.));
#2214=DIRECTION('',(0.,-1.,0.));
#2215=DIRECTION('',(-1.,0.,0.));
#2216=DIRECTION('',(0.,-1.,0.));
#2217=DIRECTION('',(-1.,0.,0.));
#2218=DIRECTION('',(0.,-1.,0.));
#2219=DIRECTION('',(1.,0.,0.));
#2220=DIRECTION('',(0.,-1.,0.));
#2221=DIRECTION('',(1.,0.,0.));
#2222=DIRECTION('',(0.,0.,1.));
#2223=DIRECTION('',(0.,-1.,0.));
#2224=DIRECTION('',(1.,0.,0.));
#2225=DIRECTION('',(1.,0.,0.));
#2226=DIRECTION('',(0.,1.,0.));
#2227=DIRECTION('',(0.,0.,1.));
#2228=DIRECTION('',(0.,-1.,0.));
#2229=DIRECTION('',(1.,0.,0.));
#2230=DIRECTION('',(0.,1.,0.));
#2231=DIRECTION('',(1.,0.,0.));
#2232=DIRECTION('',(0.,-1.,0.));
#2233=DIRECTION('',(1.,0.,0.));
#2234=DIRECTION('',(0.,-1.,0.));
#2235=DIRECTION('',(-1.,0.,0.));
#2236=DIRECTION('',(0.,0.,1.));
#2237=DIRECTION('',(0.,-1.,0.));
#2238=DIRECTION('',(1.,0.,0.));
#2239=DIRECTION('',(0.,-1.,0.));
#2240=DIRECTION('',(-1.,0.,0.));
#2241=DIRECTION('',(0.,0.,1.));
#2242=DIRECTION('',(-1.,0.,0.));
#2243=DIRECTION('',(0.,1.,0.));
#2244=DIRECTION('',(0.,1.,0.));
#2245=DIRECTION('',(1.,0.,0.));
#2246=DIRECTION('',(0.,0.,1.));
#2247=DIRECTION('',(0.,-1.,0.));
#2248=DIRECTION('',(1.,0.,0.));
#2249=DIRECTION('',(1.,0.,0.));
#2250=DIRECTION('',(0.,1.,0.));
#2251=DIRECTION('',(0.,0.,1.));
#2252=DIRECTION('',(0.,-1.,0.));
#2253=DIRECTION('',(1.,0.,0.));
#2254=DIRECTION('',(0.,1.,0.));
#2255=DIRECTION('',(1.,0.,0.));
#2256=DIRECTION('',(0.,-1.,0.));
#2257=DIRECTION('',(1.,0.,0.));
#2258=DIRECTION('',(0.,-1.,0.));
#2259=DIRECTION('',(-1.,0.,0.));
#2260=DIRECTION('',(0.,0.,-1.));
#2261=DIRECTION('',(0.,-1.,0.));
#2262=DIRECTION('',(1.,0.,0.));
#2263=DIRECTION('',(0.,-1.,0.));
#2264=DIRECTION('',(-1.,0.,0.));
#2265=DIRECTION('',(0.,0.,-1.));
#2266=DIRECTION('',(1.,0.,0.));
#2267=DIRECTION('',(0.,-1.,0.));
#2268=DIRECTION('',(0.,1.,0.));
#2269=DIRECTION('',(1.,0.,0.));
#2270=DIRECTION('',(0.,1.,0.));
#2271=DIRECTION('',(1.,0.,0.));
#2272=DIRECTION('',(0.70710678118655,-0.707106781186545,0.));
#2273=DIRECTION('',(0.,0.707106781186548,-0.707106781186548));
#2274=DIRECTION('',(0.,0.707106781186548,0.707106781186548));
#2275=DIRECTION('',(1.,0.,0.));
#2276=DIRECTION('',(0.,0.707106781186548,-0.707106781186548));
#2277=DIRECTION('',(0.707106781186548,0.707106781186548,0.));
#2278=DIRECTION('',(0.,0.,-1.));
#2279=DIRECTION('',(0.707106781186548,-0.707106781186548,0.));
#2280=DIRECTION('',(0.,1.,0.));
#2281=DIRECTION('',(1.,0.,0.));
#2282=DIRECTION('',(0.70710678118655,0.707106781186545,0.));
#2283=DIRECTION('',(0.,1.,0.));
#2284=DIRECTION('',(1.,0.,0.));
#2285=DIRECTION('',(0.,-0.707106781186545,-0.70710678118655));
#2286=DIRECTION('',(0.707106781186548,-0.707106781186548,0.));
#2287=DIRECTION('',(0.,0.,1.));
#2288=DIRECTION('',(0.707106781186548,0.707106781186548,-9.81307786677359E-15));
#2289=DIRECTION('',(0.,-0.707106781186548,0.707106781186548));
#2290=DIRECTION('',(-1.,0.,0.));
#2291=DIRECTION('',(0.,-0.707106781186548,-0.707106781186548));
#2292=DIRECTION('',(0.,1.,0.));
#2293=DIRECTION('',(1.,0.,0.));
#2294=DIRECTION('',(0.,-1.,0.));
#2295=DIRECTION('',(-1.,0.,0.));
#2296=DIRECTION('',(-1.,0.,0.));
#2297=DIRECTION('',(0.,1.,0.));
#2298=DIRECTION('',(0.,0.,1.));
#2299=DIRECTION('',(0.,-1.,0.));
#2300=DIRECTION('',(0.,0.,1.));
#2301=DIRECTION('',(0.,-1.,0.));
#2302=DIRECTION('',(0.,0.,1.));
#2303=DIRECTION('',(0.,-1.,0.));
#2304=DIRECTION('',(1.,0.,0.));
#2305=DIRECTION('',(0.,-1.,0.));
#2306=DIRECTION('',(-1.,0.,0.));
#2307=DIRECTION('',(0.,1.,0.));
#2308=DIRECTION('',(0.,-1.,0.));
#2309=DIRECTION('',(-1.,0.,0.));
#2310=DIRECTION('',(-1.,0.,0.));
#2311=DIRECTION('',(0.,1.,0.));
#2312=DIRECTION('',(0.,-1.,0.));
#2313=DIRECTION('',(-1.,0.,0.));
#2314=DIRECTION('',(0.,0.,1.));
#2315=DIRECTION('',(0.,-1.,0.));
#2316=DIRECTION('',(-1.,0.,0.));
#2317=DIRECTION('',(0.,1.,0.));
#2318=DIRECTION('',(-1.,0.,0.));
#2319=DIRECTION('',(0.,1.,0.));
#2320=DIRECTION('',(0.,0.,-1.));
#2321=DIRECTION('',(0.,1.,0.));
#2322=DIRECTION('',(0.,0.,1.));
#2323=DIRECTION('',(0.,-1.,0.));
#2324=DIRECTION('',(0.,-1.,0.));
#2325=DIRECTION('',(-1.,0.,0.));
#2326=DIRECTION('',(0.,-1.,0.));
#2327=DIRECTION('',(-1.,0.,0.));
#2328=DIRECTION('',(-1.,0.,0.));
#2329=DIRECTION('',(0.,1.,0.));
#2330=DIRECTION('',(0.,0.,1.));
#2331=DIRECTION('',(0.,-1.,0.));
#2332=DIRECTION('',(0.,0.,-1.));
#2333=DIRECTION('',(0.,1.,0.));
#2334=DIRECTION('',(0.,0.,1.));
#2335=DIRECTION('',(0.,-1.,0.));
#2336=DIRECTION('',(-1.,0.,0.));
#2337=DIRECTION('',(0.,1.,0.));
#2338=DIRECTION('',(-1.,0.,0.));
#2339=DIRECTION('',(0.,1.,0.));
#2340=DIRECTION('',(0.,-1.,0.));
#2341=DIRECTION('',(-1.,0.,0.));
#2342=DIRECTION('',(-1.,0.,0.));
#2343=DIRECTION('',(0.,1.,0.));
#2344=DIRECTION('',(0.,-1.,0.));
#2345=DIRECTION('',(-1.,0.,0.));
#2346=DIRECTION('',(0.,0.,1.));
#2347=DIRECTION('',(0.,-1.,0.));
#2348=DIRECTION('',(1.,0.,0.));
#2349=DIRECTION('',(0.,-1.,0.));
#2350=DIRECTION('',(-1.,0.,0.));
#2351=DIRECTION('',(0.,1.,0.));
#2352=DIRECTION('',(0.,0.,1.));
#2353=DIRECTION('',(0.,-1.,0.));
#2354=DIRECTION('',(0.,0.,1.));
#2355=DIRECTION('',(0.,-1.,0.));
#2356=DIRECTION('',(0.,-1.,0.));
#2357=DIRECTION('',(-1.,0.,0.));
#2358=DIRECTION('',(0.,-1.,0.));
#2359=DIRECTION('',(-1.,0.,0.));
#2360=DIRECTION('',(0.,0.,-1.));
#2361=DIRECTION('',(0.,0.,-1.));
#2362=DIRECTION('',(0.,0.,-1.));
#2363=DIRECTION('',(0.,1.,0.));
#2364=DIRECTION('',(0.,0.,-1.));
#2365=DIRECTION('',(0.,-1.,0.));
#2366=DIRECTION('',(-1.,0.,0.));
#2367=DIRECTION('',(0.,0.,-1.));
#2368=DIRECTION('',(0.,0.,-1.));
#2369=DIRECTION('',(0.,1.,0.));
#2370=CARTESIAN_POINT('',(0.,0.,0.));
#2371=CARTESIAN_POINT('',(0.144522182643413,0.0097,0.0404764860868454));
#2372=CARTESIAN_POINT('',(0.112229694724083,0.0097,0.0404764860868454));
#2373=CARTESIAN_POINT('',(0.112229694724083,0.00933787,0.0404764860868454));
#2374=CARTESIAN_POINT('',(0.112229694724083,-0.0274,0.0404764860868454));
#2375=CARTESIAN_POINT('',(0.176814670562744,0.00933787,0.0404764860868454));
#2376=CARTESIAN_POINT('',(0.176814670562744,0.00933787,0.0404764860868454));
#2377=CARTESIAN_POINT('',(0.176814670562744,0.0097,0.0404764860868454));
#2378=CARTESIAN_POINT('',(0.176814670562744,-0.0274,0.0404764860868454));
#2379=CARTESIAN_POINT('',(0.144522182643413,-0.0274,0.0404764860868454));
#2380=CARTESIAN_POINT('',(0.148374951330621,-0.00266920708236285,0.0404764860868454));
#2381=CARTESIAN_POINT('',(0.14903150498867,-0.000832837598863989,0.0404764860868454));
#2382=CARTESIAN_POINT('',(0.14903150498867,-0.0045055765658617,0.0404764860868454));
#2383=CARTESIAN_POINT('',(0.145552851259708,-0.000832837598863989,0.0404764860868454));
#2384=CARTESIAN_POINT('',(0.142074197530746,-0.000832837598863989,0.0404764860868454));
#2385=CARTESIAN_POINT('',(0.14249636798373,-0.00266920708236286,0.0404764860868454));
#2386=CARTESIAN_POINT('',(0.142074197530746,-0.00450557656586171,0.0404764860868454));
#2387=CARTESIAN_POINT('',(0.145552851259708,-0.0045055765658617,0.0404764860868454));
#2388=CARTESIAN_POINT('',(0.144522182643413,0.0097,0.0414764860868454));
#2389=CARTESIAN_POINT('',(0.176814670562744,0.0097,0.0414764860868454));
#2390=CARTESIAN_POINT('',(0.176814670562744,0.00933787,0.0414764860868454));
#2391=CARTESIAN_POINT('',(0.176814670562744,-0.0274,0.0414764860868454));
#2392=CARTESIAN_POINT('',(0.144522182643413,0.00933787,0.0414764860868454));
#2393=CARTESIAN_POINT('',(0.112229694724083,0.00933787,0.0414764860868454));
#2394=CARTESIAN_POINT('',(0.112229694724083,0.0097,0.0414764860868454));
#2395=CARTESIAN_POINT('',(0.112229694724083,-0.0274,0.0414764860868454));
#2396=CARTESIAN_POINT('',(0.144522182643413,-0.0274,0.0414764860868454));
#2397=CARTESIAN_POINT('',(0.144522182643413,-0.000832837598863989,0.0414764860868454));
#2398=CARTESIAN_POINT('',(0.14903150498867,-0.000832837598863989,0.0414764860868454));
#2399=CARTESIAN_POINT('',(0.142074197530746,-0.000832837598863994,0.0414764860868454));
#2400=CARTESIAN_POINT('',(0.148374951330621,-0.00266920708236285,0.0414764860868454));
#2401=CARTESIAN_POINT('',(0.14903150498867,-0.0045055765658617,0.0414764860868454));
#2402=CARTESIAN_POINT('',(0.144522182643413,-0.0045055765658617,0.0414764860868454));
#2403=CARTESIAN_POINT('',(0.142074197530746,-0.00450557656586171,0.0414764860868454));
#2404=CARTESIAN_POINT('',(0.14249636798373,-0.00266920708236286,0.0414764860868454));
#2405=CARTESIAN_POINT('',(0.144522182643413,0.0097,0.10218037122488));
#2406=CARTESIAN_POINT('',(0.112229694724083,0.0097,0.10218037122488));
#2407=CARTESIAN_POINT('',(0.112229694724083,0.00933787,0.10218037122488));
#2408=CARTESIAN_POINT('',(0.112229694724083,-0.0274,0.10218037122488));
#2409=CARTESIAN_POINT('',(0.176814670562744,0.00933787,0.10218037122488));
#2410=CARTESIAN_POINT('',(0.176814670562744,0.00933787,0.10218037122488));
#2411=CARTESIAN_POINT('',(0.176814670562744,0.0097,0.10218037122488));
#2412=CARTESIAN_POINT('',(0.176814670562744,-0.00580831026986291,0.10218037122488));
#2413=CARTESIAN_POINT('',(0.176452540562744,-0.00643553782880783,0.10218037122488));
#2414=CARTESIAN_POINT('',(0.176452540562744,-0.00571127782880783,0.10218037122488));
#2415=CARTESIAN_POINT('',(0.144522182643413,-0.00571127782880783,0.10218037122488));
#2416=CARTESIAN_POINT('',(0.114738682402973,-0.00571127782880783,0.10218037122488));
#2417=CARTESIAN_POINT('',(0.114738682402973,-0.00643553782880783,0.10218037122488));
#2418=CARTESIAN_POINT('',(0.114014422402973,-0.00643553782880783,0.10218037122488));
#2419=CARTESIAN_POINT('',(0.114014422402973,-0.0250557251274585,0.10218037122488));
#2420=CARTESIAN_POINT('',(0.114014422402973,-0.0246935951274586,0.10218037122488));
#2421=CARTESIAN_POINT('',(0.114738682402973,-0.0246935951274586,0.10218037122488));
#2422=CARTESIAN_POINT('',(0.114738682402973,-0.0254178551274586,0.10218037122488));
#2423=CARTESIAN_POINT('',(0.176814670562744,-0.0254178551274586,0.10218037122488));
#2424=CARTESIAN_POINT('',(0.176452540562744,-0.0254178551274586,0.10218037122488));
#2425=CARTESIAN_POINT('',(0.176452540562744,-0.0246935951274585,0.10218037122488));
#2426=CARTESIAN_POINT('',(0.176814670562744,-0.0253208226864035,0.10218037122488));
#2427=CARTESIAN_POINT('',(0.176814670562744,0.0097,0.10218037122488));
#2428=CARTESIAN_POINT('',(0.176814670562744,-0.0274,0.10218037122488));
#2429=CARTESIAN_POINT('',(0.144522182643413,-0.0274,0.10218037122488));
#2430=CARTESIAN_POINT('',(0.107229694724083,0.0097,0.0718284286558628));
#2431=CARTESIAN_POINT('',(0.107229694724083,0.0097,0.0981803712248802));
#2432=CARTESIAN_POINT('',(0.107229694724083,0.00933787,0.0981803712248802));
#2433=CARTESIAN_POINT('',(0.107229694724083,-0.0274,0.0981803712248802));
#2434=CARTESIAN_POINT('',(0.107229694724083,0.00933787,0.0454764860868454));
#2435=CARTESIAN_POINT('',(0.107229694724083,0.00933787,0.0454764860868454));
#2436=CARTESIAN_POINT('',(0.107229694724083,0.0097,0.0454764860868454));
#2437=CARTESIAN_POINT('',(0.107229694724083,-0.0274,0.0454764860868454));
#2438=CARTESIAN_POINT('',(0.107229694724083,-0.0274,0.0718284286558628));
#2439=CARTESIAN_POINT('',(0.112229694724083,0.0097,0.0454764860868454));
#2440=CARTESIAN_POINT('',(0.112229694724083,0.00933787,0.0454764860868454));
#2441=CARTESIAN_POINT('',(0.112229694724083,-0.0274,0.0454764860868454));
#2442=CARTESIAN_POINT('',(0.176814670562744,0.0097,0.0454764860868454));
#2443=CARTESIAN_POINT('',(0.176814670562744,0.00933787,0.0454764860868454));
#2444=CARTESIAN_POINT('',(0.181814670562744,0.00933787,0.0454764860868454));
#2445=CARTESIAN_POINT('',(0.181814670562744,0.0097,0.0454764860868454));
#2446=CARTESIAN_POINT('',(0.181814670562744,-0.0274,0.0454764860868454));
#2447=CARTESIAN_POINT('',(0.176814670562744,-0.0274,0.0454764860868454));
#2448=CARTESIAN_POINT('',(0.181814670562744,0.0097,0.0718284286558628));
#2449=CARTESIAN_POINT('',(0.181814670562744,0.00933787,0.0718284286558628));
#2450=CARTESIAN_POINT('',(0.181814670562744,0.00933787,0.0981803712248802));
#2451=CARTESIAN_POINT('',(0.181814670562744,0.0097,0.0981803712248802));
#2452=CARTESIAN_POINT('',(0.181814670562744,-0.0274,0.0981803712248802));
#2453=CARTESIAN_POINT('',(0.181814670562744,-0.0274,0.0454764860868454));
#2454=CARTESIAN_POINT('',(0.176814670562744,0.0097,0.0981803712248803));
#2455=CARTESIAN_POINT('',(0.176814670562744,0.00933787,0.0981803712248803));
#2456=CARTESIAN_POINT('',(0.176814670562744,0.00933787,0.10318037122488));
#2457=CARTESIAN_POINT('',(0.176814670562744,0.0097,0.10318037122488));
#2458=CARTESIAN_POINT('',(0.176814670562744,-0.00580831026986291,0.10318037122488));
#2459=CARTESIAN_POINT('',(0.176814670562744,-0.00580831026986291,0.10318037122488));
#2460=CARTESIAN_POINT('',(0.177044847370218,-0.00593157802914746,0.10318037122488));
#2461=CARTESIAN_POINT('',(0.17720507607217,-0.00617400140163296,0.103165106276837));
#2462=CARTESIAN_POINT('',(0.17720507607217,-0.00643553782880783,0.103165106276837));
#2463=CARTESIAN_POINT('',(0.17720507607217,-0.00643553782880783,0.103165106276837));
#2464=CARTESIAN_POINT('',(0.17720507607217,0.0097,0.103165106276837));
#2465=CARTESIAN_POINT('',(0.17720507607217,-0.0246935951274585,0.103165106276837));
#2466=CARTESIAN_POINT('',(0.17720507607217,-0.0246935951274586,0.103165106276837));
#2467=CARTESIAN_POINT('',(0.17720507607217,-0.0249554230114511,0.103165106276837));
#2468=CARTESIAN_POINT('',(0.177045055660004,-0.0251974433806282,0.10318037122488));
#2469=CARTESIAN_POINT('',(0.176814670562744,-0.0253208226864035,0.10318037122488));
#2470=CARTESIAN_POINT('',(0.176814670562744,-0.0253208226864035,0.10318037122488));
#2471=CARTESIAN_POINT('',(0.176814670562744,0.0097,0.10318037122488));
#2472=CARTESIAN_POINT('',(0.176814670562744,-0.0274,0.10318037122488));
#2473=CARTESIAN_POINT('',(0.176814670562744,-0.0274,0.0981803712248803));
#2474=CARTESIAN_POINT('',(0.144522182643413,0.0097,0.10318037122488));
#2475=CARTESIAN_POINT('',(0.144522182643413,0.00933787,0.10318037122488));
#2476=CARTESIAN_POINT('',(0.112229694724083,0.00933787,0.10318037122488));
#2477=CARTESIAN_POINT('',(0.112229694724083,0.0097,0.10318037122488));
#2478=CARTESIAN_POINT('',(0.112229694724083,-0.0274,0.10318037122488));
#2479=CARTESIAN_POINT('',(0.176814670562744,-0.0274,0.10318037122488));
#2480=CARTESIAN_POINT('',(0.176452540562744,-0.0246935951274585,0.10318037122488));
#2481=CARTESIAN_POINT('',(0.176452540562744,-0.0254178551274586,0.10318037122488));
#2482=CARTESIAN_POINT('',(0.144522182643413,-0.0254178551274586,0.10318037122488));
#2483=CARTESIAN_POINT('',(0.114738682402973,-0.0254178551274586,0.10318037122488));
#2484=CARTESIAN_POINT('',(0.114738682402973,-0.0246935951274586,0.10318037122488));
#2485=CARTESIAN_POINT('',(0.114014422402973,-0.0246935951274586,0.10318037122488));
#2486=CARTESIAN_POINT('',(0.114014422402973,0.0097,0.10318037122488));
#2487=CARTESIAN_POINT('',(0.114014422402973,-0.00643553782880783,0.10318037122488));
#2488=CARTESIAN_POINT('',(0.114738682402973,-0.00643553782880783,0.10318037122488));
#2489=CARTESIAN_POINT('',(0.114738682402973,-0.00571127782880783,0.10318037122488));
#2490=CARTESIAN_POINT('',(0.176814670562744,-0.00571127782880783,0.10318037122488));
#2491=CARTESIAN_POINT('',(0.176452540562744,-0.00571127782880783,0.10318037122488));
#2492=CARTESIAN_POINT('',(0.176452540562744,-0.00643553782880783,0.10318037122488));
#2493=CARTESIAN_POINT('',(0.112229694724083,0.0097,0.0981803712248802));
#2494=CARTESIAN_POINT('',(0.112229694724083,0.00933787,0.0981803712248802));
#2495=CARTESIAN_POINT('',(0.112229694724083,-0.0274,0.0981803712248802));
#2496=CARTESIAN_POINT('',(0.144522182643413,0.0097,0.0718284286558628));
#2497=CARTESIAN_POINT('',(0.112229694724083,0.0097,0.10254250122488));
#2498=CARTESIAN_POINT('',(0.176814670562744,0.0097,0.10254250122488));
#2499=CARTESIAN_POINT('',(0.112229694724083,0.0097,0.10254250122488));
#2500=CARTESIAN_POINT('',(0.112229694724083,0.0097,0.0981803712248802));
#2501=CARTESIAN_POINT('',(0.107867564724083,0.0097,0.0981803712248802));
#2502=CARTESIAN_POINT('',(0.107867564724083,0.0097,0.0718284286558628));
#2503=CARTESIAN_POINT('',(0.107867564724083,0.0097,0.0454764860868454));
#2504=CARTESIAN_POINT('',(0.112229694724083,0.0097,0.0454764860868454));
#2505=CARTESIAN_POINT('',(0.112229694724083,0.0097,0.0411143560868454));
#2506=CARTESIAN_POINT('',(0.144522182643413,0.0097,0.0411143560868454));
#2507=CARTESIAN_POINT('',(0.176814670562744,0.0097,0.0411143560868454));
#2508=CARTESIAN_POINT('',(0.176814670562744,0.0097,0.0454764860868454));
#2509=CARTESIAN_POINT('',(0.181176800562744,0.0097,0.0454764860868454));
#2510=CARTESIAN_POINT('',(0.181176800562744,0.0097,0.0981803712248802));
#2511=CARTESIAN_POINT('',(0.181176800562744,0.0097,0.0981803712248802));
#2512=CARTESIAN_POINT('',(0.176814670562744,0.0097,0.0981803712248803));
#2513=CARTESIAN_POINT('',(0.107591824724083,0.0097,0.0981803712248802));
#2514=CARTESIAN_POINT('',(0.107591824724083,0.0097,0.0454764860868454));
#2515=CARTESIAN_POINT('',(0.107591824724083,0.0097,0.0981803712248802));
#2516=CARTESIAN_POINT('',(0.112229694724083,0.0097,0.0981803712248802));
#2517=CARTESIAN_POINT('',(0.112229694724083,0.0097,0.10281824122488));
#2518=CARTESIAN_POINT('',(0.144522182643413,0.0097,0.10281824122488));
#2519=CARTESIAN_POINT('',(0.176814670562744,0.0097,0.10281824122488));
#2520=CARTESIAN_POINT('',(0.176814670562744,0.0097,0.0981803712248803));
#2521=CARTESIAN_POINT('',(0.181452540562744,0.0097,0.0981803712248802));
#2522=CARTESIAN_POINT('',(0.181452540562744,0.0097,0.0718284286558628));
#2523=CARTESIAN_POINT('',(0.181452540562744,0.0097,0.0454764860868454));
#2524=CARTESIAN_POINT('',(0.176814670562744,0.0097,0.0454764860868454));
#2525=CARTESIAN_POINT('',(0.176814670562744,0.0097,0.0408386160868454));
#2526=CARTESIAN_POINT('',(0.112229694724083,0.0097,0.0408386160868454));
#2527=CARTESIAN_POINT('',(0.112229694724083,0.0097,0.0408386160868454));
#2528=CARTESIAN_POINT('',(0.112229694724083,0.0097,0.0454764860868454));
#2529=CARTESIAN_POINT('',(0.144522182643413,-0.0284,0.0718284286558628));
#2530=CARTESIAN_POINT('',(0.180814670562744,-0.0284,0.0981803712248802));
#2531=CARTESIAN_POINT('',(0.180814670562744,-0.0284,0.0454764860868454));
#2532=CARTESIAN_POINT('',(0.180814670562744,-0.0284,0.0981803712248802));
#2533=CARTESIAN_POINT('',(0.176814670562744,-0.0284,0.0981803712248803));
#2534=CARTESIAN_POINT('',(0.176814670562744,-0.0284,0.10218037122488));
#2535=CARTESIAN_POINT('',(0.112229694724083,-0.0284,0.10218037122488));
#2536=CARTESIAN_POINT('',(0.112229694724083,-0.0284,0.10218037122488));
#2537=CARTESIAN_POINT('',(0.112229694724083,-0.0284,0.0981803712248802));
#2538=CARTESIAN_POINT('',(0.108229694724083,-0.0284,0.0981803712248802));
#2539=CARTESIAN_POINT('',(0.108229694724083,-0.0284,0.0718284286558628));
#2540=CARTESIAN_POINT('',(0.108229694724083,-0.0284,0.0454764860868454));
#2541=CARTESIAN_POINT('',(0.112229694724083,-0.0284,0.0454764860868454));
#2542=CARTESIAN_POINT('',(0.112229694724083,-0.0284,0.0414764860868454));
#2543=CARTESIAN_POINT('',(0.144522182643413,-0.0284,0.0414764860868454));
#2544=CARTESIAN_POINT('',(0.176814670562744,-0.0284,0.0414764860868454));
#2545=CARTESIAN_POINT('',(0.176814670562744,-0.0284,0.0454764860868454));
#2546=CARTESIAN_POINT('',(0.108229694724083,0.0097,0.0718284286558628));
#2547=CARTESIAN_POINT('',(0.108229694724083,0.0097,0.0456313141960241));
#2548=CARTESIAN_POINT('',(0.108229694724083,-0.003,0.0456313141960241));
#2549=CARTESIAN_POINT('',(0.108229694724083,0.,0.0456313141960241));
#2550=CARTESIAN_POINT('',(0.108229694724083,-0.003,0.0718284286558628));
#2551=CARTESIAN_POINT('',(0.108229694724083,-0.003,0.0525295846164227));
#2552=CARTESIAN_POINT('',(0.108229694724083,0.0097,0.0525295846164227));
#2553=CARTESIAN_POINT('',(0.108229694724083,0.,0.0525295846164227));
#2554=CARTESIAN_POINT('',(0.108229694724083,0.,0.0718284286558628));
#2555=CARTESIAN_POINT('',(0.108229694724083,0.0097,0.0849129128039881));
#2556=CARTESIAN_POINT('',(0.108229694724083,-0.003,0.0849129128039881));
#2557=CARTESIAN_POINT('',(0.108229694724083,0.,0.0849129128039881));
#2558=CARTESIAN_POINT('',(0.108229694724083,-0.003,0.0718284286558628));
#2559=CARTESIAN_POINT('',(0.108229694724083,-0.003,0.0973874554038048));
#2560=CARTESIAN_POINT('',(0.108229694724083,0.0097,0.0973874554038048));
#2561=CARTESIAN_POINT('',(0.108229694724083,0.,0.0973874554038048));
#2562=CARTESIAN_POINT('',(0.108229694724083,0.,0.0718284286558628));
#2563=CARTESIAN_POINT('',(0.108229694724083,0.0097,0.0454764860868454));
#2564=CARTESIAN_POINT('',(0.108229694724083,0.00933787,0.0454764860868454));
#2565=CARTESIAN_POINT('',(0.108229694724083,-0.0274,0.0454764860868454));
#2566=CARTESIAN_POINT('',(0.108229694724083,0.00933787,0.0718284286558628));
#2567=CARTESIAN_POINT('',(0.108229694724083,0.00933787,0.0981803712248802));
#2568=CARTESIAN_POINT('',(0.108229694724083,0.0097,0.0981803712248802));
#2569=CARTESIAN_POINT('',(0.108229694724083,-0.0274,0.0981803712248802));
#2570=CARTESIAN_POINT('',(0.108229694724083,-0.0274,0.0718284286558628));
#2571=CARTESIAN_POINT('',(0.112229694724083,0.0097,0.0454764860868454));
#2572=CARTESIAN_POINT('',(0.112229694724083,0.00933787,0.0454764860868454));
#2573=CARTESIAN_POINT('',(0.112229694724083,-0.0274,0.0454764860868454));
#2574=CARTESIAN_POINT('',(0.176814670562744,0.0097,0.0454764860868454));
#2575=CARTESIAN_POINT('',(0.180814670562744,0.0097,0.0454764860868454));
#2576=CARTESIAN_POINT('',(0.180814670562744,0.00933787,0.0454764860868454));
#2577=CARTESIAN_POINT('',(0.180814670562744,-0.0274,0.0454764860868454));
#2578=CARTESIAN_POINT('',(0.176814670562744,0.00933787,0.0454764860868454));
#2579=CARTESIAN_POINT('',(0.176814670562744,-0.0274,0.0454764860868454));
#2580=CARTESIAN_POINT('',(0.180814670562744,0.0097,0.0718284286558628));
#2581=CARTESIAN_POINT('',(0.180814670562744,-0.003,0.0718284286558628));
#2582=CARTESIAN_POINT('',(0.180814670562744,-0.003,0.0849808007478714));
#2583=CARTESIAN_POINT('',(0.180814670562744,-0.003,0.0974254012107849));
#2584=CARTESIAN_POINT('',(0.180814670562744,0.0097,0.0849808007478714));
#2585=CARTESIAN_POINT('',(0.180814670562744,0.,0.0849808007478714));
#2586=CARTESIAN_POINT('',(0.180814670562744,0.,0.0718284286558628));
#2587=CARTESIAN_POINT('',(0.180814670562744,0.,0.0974254012107849));
#2588=CARTESIAN_POINT('',(0.180814670562744,0.0097,0.0974254012107849));
#2589=CARTESIAN_POINT('',(0.180814670562744,-0.003,0.0718284286558628));
#2590=CARTESIAN_POINT('',(0.180814670562744,-0.003,0.0456313141960241));
#2591=CARTESIAN_POINT('',(0.180814670562744,-0.003,0.0520917698740959));
#2592=CARTESIAN_POINT('',(0.180814670562744,0.0097,0.0456313141960241));
#2593=CARTESIAN_POINT('',(0.180814670562744,0.,0.0456313141960241));
#2594=CARTESIAN_POINT('',(0.180814670562744,0.,0.0718284286558628));
#2595=CARTESIAN_POINT('',(0.180814670562744,0.,0.0520917698740959));
#2596=CARTESIAN_POINT('',(0.180814670562744,0.0097,0.0520917698740959));
#2597=CARTESIAN_POINT('',(0.180814670562744,0.0097,0.0981803712248802));
#2598=CARTESIAN_POINT('',(0.180814670562744,0.00933787,0.0981803712248802));
#2599=CARTESIAN_POINT('',(0.180814670562744,-0.0274,0.0981803712248802));
#2600=CARTESIAN_POINT('',(0.180814670562744,0.00933787,0.0454764860868454));
#2601=CARTESIAN_POINT('',(0.180814670562744,-0.0274,0.0718284286558628));
#2602=CARTESIAN_POINT('',(0.176814670562744,0.0097,0.0981803712248803));
#2603=CARTESIAN_POINT('',(0.176814670562744,0.00933787,0.0981803712248803));
#2604=CARTESIAN_POINT('',(0.176814670562744,-0.0274,0.0981803712248803));
#2605=CARTESIAN_POINT('',(0.176814670562744,-0.0253208226864035,0.10218037122488));
#2606=CARTESIAN_POINT('',(0.177025578188748,-0.0251880311888043,0.10218037122488));
#2607=CARTESIAN_POINT('',(0.177146737695085,-0.024942401310326,0.102166563821785));
#2608=CARTESIAN_POINT('',(0.177146737695085,-0.0246935951274585,0.102166563821785));
#2609=CARTESIAN_POINT('',(0.177146737695085,-0.0246935951274585,0.102166563821785));
#2610=CARTESIAN_POINT('',(0.177146737695085,0.0097,0.102166563821785));
#2611=CARTESIAN_POINT('',(0.177146737695085,-0.00643553782880783,0.102166563821785));
#2612=CARTESIAN_POINT('',(0.177146737695085,-0.00643553782880783,0.102166563821785));
#2613=CARTESIAN_POINT('',(0.177146737695085,-0.00618646440614727,0.102166563821785));
#2614=CARTESIAN_POINT('',(0.17702587525018,-0.00594128880305299,0.10218037122488));
#2615=CARTESIAN_POINT('',(0.176814670562744,-0.0058083102698629,0.10218037122488));
#2616=CARTESIAN_POINT('',(0.112229694724083,0.0097,0.0981803712248802));
#2617=CARTESIAN_POINT('',(0.112229694724083,0.00933787,0.0981803712248802));
#2618=CARTESIAN_POINT('',(0.112229694724083,-0.0274,0.0981803712248802));
#2619=CARTESIAN_POINT('',(0.144522182643413,-0.0274,0.0718284286558628));
#2620=CARTESIAN_POINT('',(0.14623973146081,-0.00607340782880783,0.0990803712248802));
#2621=CARTESIAN_POINT('',(0.14623973146081,-0.00607340782880783,0.10254250122488));
#2622=CARTESIAN_POINT('',(0.114738682402973,-0.00607340782880783,0.10254250122488));
#2623=CARTESIAN_POINT('',(0.176452540562744,-0.00607340782880783,0.10254250122488));
#2624=CARTESIAN_POINT('',(0.176452540562744,-0.00607340782880783,0.10318037122488));
#2625=CARTESIAN_POINT('',(0.176452540562744,-0.00607340782880783,0.10281824122488));
#2626=CARTESIAN_POINT('',(0.114376552402973,-0.00607340782880783,0.10281824122488));
#2627=CARTESIAN_POINT('',(0.114738682402973,-0.00607340782880783,0.10281824122488));
#2628=CARTESIAN_POINT('',(0.114738682402973,-0.00607340782880783,0.0990803712248802));
#2629=CARTESIAN_POINT('',(0.114376552402973,-0.0155645664781332,0.0990803712248802));
#2630=CARTESIAN_POINT('',(0.114376552402973,-0.00607340782880783,0.10254250122488));
#2631=CARTESIAN_POINT('',(0.114376552402973,-0.0246935951274586,0.10254250122488));
#2632=CARTESIAN_POINT('',(0.114376552402973,-0.00643553782880783,0.10254250122488));
#2633=CARTESIAN_POINT('',(0.114376552402973,-0.00643553782880783,0.0990803712248802));
#2634=CARTESIAN_POINT('',(0.114376552402973,-0.00643553782880783,0.10281824122488));
#2635=CARTESIAN_POINT('',(0.114376552402973,-0.0155645664781332,0.10281824122488));
#2636=CARTESIAN_POINT('',(0.114376552402973,-0.0246935951274586,0.10281824122488));
#2637=CARTESIAN_POINT('',(0.114376552402973,-0.0246935951274586,0.10218037122488));
#2638=CARTESIAN_POINT('',(0.14623973146081,-0.0250557251274585,0.0990803712248802));
#2639=CARTESIAN_POINT('',(0.176452540562744,-0.0250557251274585,0.0990803712248802));
#2640=CARTESIAN_POINT('',(0.176452540562744,-0.0250557251274585,0.10281824122488));
#2641=CARTESIAN_POINT('',(0.176452540562744,-0.0250557251274585,0.10254250122488));
#2642=CARTESIAN_POINT('',(0.114376552402973,-0.0250557251274585,0.10254250122488));
#2643=CARTESIAN_POINT('',(0.114738682402973,-0.0250557251274585,0.10254250122488));
#2644=CARTESIAN_POINT('',(0.114738682402973,-0.0250557251274585,0.10318037122488));
#2645=CARTESIAN_POINT('',(0.114738682402973,-0.0250557251274585,0.10281824122488));
#2646=CARTESIAN_POINT('',(0.14623973146081,-0.0250557251274585,0.10281824122488));
#2647=CARTESIAN_POINT('',(0.176814670562744,0.0097,0.0990803712248802));
#2648=CARTESIAN_POINT('',(0.176814670562744,0.0097,0.102804081855964));
#2649=CARTESIAN_POINT('',(0.176814670562744,-0.0246935951274585,0.102804081855964));
#2650=CARTESIAN_POINT('',(0.176814670562744,-0.00643553782880783,0.102804081855964));
#2651=CARTESIAN_POINT('',(0.176814670562744,-0.00643553782880783,0.10218037122488));
#2652=CARTESIAN_POINT('',(0.176814670562744,-0.00643553782880783,0.102527443803064));
#2653=CARTESIAN_POINT('',(0.176814670562744,-0.0250557251274585,0.102527443803064));
#2654=CARTESIAN_POINT('',(0.176814670562744,-0.0246935951274585,0.102527443803064));
#2655=CARTESIAN_POINT('',(0.176814670562744,-0.0246935951274585,0.0990803712248802));
#2656=CARTESIAN_POINT('',(0.114738682402973,-0.0246935951274586,0.0990803712248802));
#2657=CARTESIAN_POINT('',(0.114738682402973,-0.0246935951274586,0.10281824122488));
#2658=CARTESIAN_POINT('',(0.114738682402973,-0.0246935951274586,0.10254250122488));
#2659=CARTESIAN_POINT('',(0.114738682402973,-0.0246935951274586,0.10281824122488));
#2660=CARTESIAN_POINT('',(0.114738682402973,-0.0254178551274586,0.10281824122488));
#2661=CARTESIAN_POINT('',(0.114014422402973,-0.0246935951274586,0.10281824122488));
#2662=CARTESIAN_POINT('',(0.114738682402973,-0.0246935951274586,0.10254250122488));
#2663=CARTESIAN_POINT('',(0.114738682402973,-0.0254178551274586,0.10254250122488));
#2664=CARTESIAN_POINT('',(0.114014422402973,-0.0246935951274586,0.10254250122488));
#2665=CARTESIAN_POINT('',(0.114014422402973,-0.0155645664781332,0.10254250122488));
#2666=CARTESIAN_POINT('',(0.114014422402973,-0.00643553782880783,0.10254250122488));
#2667=CARTESIAN_POINT('',(0.114738682402973,-0.00643553782880783,0.0990803712248802));
#2668=CARTESIAN_POINT('',(0.114738682402973,-0.00643553782880783,0.10281824122488));
#2669=CARTESIAN_POINT('',(0.114738682402973,-0.00643553782880783,0.10254250122488));
#2670=CARTESIAN_POINT('',(0.114014422402973,-0.0155645664781332,0.10281824122488));
#2671=CARTESIAN_POINT('',(0.114014422402973,-0.00643553782880783,0.10281824122488));
#2672=CARTESIAN_POINT('',(0.14623973146081,-0.0254178551274586,0.10281824122488));
#2673=CARTESIAN_POINT('',(0.176452540562744,-0.0254178551274586,0.10281824122488));
#2674=CARTESIAN_POINT('',(0.14623973146081,-0.0254178551274586,0.10254250122488));
#2675=CARTESIAN_POINT('',(0.176452540562744,-0.0254178551274586,0.10254250122488));
#2676=CARTESIAN_POINT('',(0.114738682402973,-0.00643553782880783,0.10254250122488));
#2677=CARTESIAN_POINT('',(0.114738682402973,-0.00571127782880783,0.10254250122488));
#2678=CARTESIAN_POINT('',(0.114738682402973,-0.00643553782880783,0.10281824122488));
#2679=CARTESIAN_POINT('',(0.114738682402973,-0.00571127782880783,0.10281824122488));
#2680=CARTESIAN_POINT('',(0.176452540562744,-0.0246935951274585,0.10281824122488));
#2681=CARTESIAN_POINT('',(0.176814670562744,-0.0253208226864035,0.10281824122488));
#2682=CARTESIAN_POINT('',(0.176633605562744,-0.0250072089069311,0.10281824122488));
#2683=CARTESIAN_POINT('',(0.176452540562744,-0.0246935951274585,0.10281824122488));
#2684=CARTESIAN_POINT('',(0.176452540562744,-0.0246935951274585,0.10254250122488));
#2685=CARTESIAN_POINT('',(0.176452540562744,-0.0246935951274585,0.10254250122488));
#2686=CARTESIAN_POINT('',(0.176633605562744,-0.0250072089069311,0.10254250122488));
#2687=CARTESIAN_POINT('',(0.176814670562744,-0.0253208226864035,0.10254250122488));
#2688=CARTESIAN_POINT('',(0.177146737695085,-0.0246935951274585,0.102166563821785));
#2689=CARTESIAN_POINT('',(0.176814670562744,-0.0246935951274586,0.102194226454159));
#2690=CARTESIAN_POINT('',(0.176814670562744,-0.0246935951274585,0.102527443803064));
#2691=CARTESIAN_POINT('',(0.17714673761924,-0.0249488456207091,0.102166563828103));
#2692=CARTESIAN_POINT('',(0.17681467051482,-0.0248310033506936,0.102194226451859));
#2693=CARTESIAN_POINT('',(0.176814670562744,-0.0248212203740841,0.102527443810094));
#2694=CARTESIAN_POINT('',(0.177016255612317,-0.0251939009384836,0.10218037122488));
#2695=CARTESIAN_POINT('',(0.176728638216889,-0.0249523418789487,0.102189382695945));
#2696=CARTESIAN_POINT('',(0.176743523070266,-0.0249437480043743,0.102542501198246));
#2697=CARTESIAN_POINT('',(0.176814670562744,-0.0253208226864035,0.10218037122488));
#2698=CARTESIAN_POINT('',(0.176633605562744,-0.025007208906931,0.10218037122488));
#2699=CARTESIAN_POINT('',(0.176633605562744,-0.025007208906931,0.10254250122488));
#2700=CARTESIAN_POINT('',(0.176814670562744,-0.0246935951274586,0.102527443803064));
#2701=CARTESIAN_POINT('',(0.176814670562744,-0.0248214616072327,0.102527443803064));
#2702=CARTESIAN_POINT('',(0.176744367390573,-0.024943260535818,0.10254250122488));
#2703=CARTESIAN_POINT('',(0.176633605562744,-0.0250072089069311,0.10254250122488));
#2704=CARTESIAN_POINT('',(0.177176800562744,-0.0246935951274585,0.102527443803064));
#2705=CARTESIAN_POINT('',(0.177176800562744,0.0097,0.102527443803064));
#2706=CARTESIAN_POINT('',(0.177176800562744,-0.00643553782880783,0.102527443803064));
#2707=CARTESIAN_POINT('',(0.144522182643413,-0.00571127782880783,0.10254250122488));
#2708=CARTESIAN_POINT('',(0.176452540562744,-0.00571127782880783,0.10254250122488));
#2709=CARTESIAN_POINT('',(0.144522182643413,-0.00571127782880783,0.10281824122488));
#2710=CARTESIAN_POINT('',(0.176452540562744,-0.00571127782880783,0.10281824122488));
#2711=CARTESIAN_POINT('',(0.176452540562744,-0.0246935951274585,0.0990803712248802));
#2712=CARTESIAN_POINT('',(0.176814670562744,-0.0246935951274585,0.102804081855964));
#2713=CARTESIAN_POINT('',(0.176814670562744,-0.0248214441627196,0.102804081855964));
#2714=CARTESIAN_POINT('',(0.176744349226085,-0.0249432710230902,0.10281824122488));
#2715=CARTESIAN_POINT('',(0.176633605562744,-0.0250072089069311,0.10281824122488));
#2716=CARTESIAN_POINT('',(0.176814670562744,-0.00643553782880783,0.102527443803064));
#2717=CARTESIAN_POINT('',(0.176814670562744,-0.00643553782880783,0.102194226454159));
#2718=CARTESIAN_POINT('',(0.177146737695085,-0.00643553782880783,0.102166563821785));
#2719=CARTESIAN_POINT('',(0.176814670562744,-0.00630791258218211,0.102527443810094));
#2720=CARTESIAN_POINT('',(0.17681467051482,-0.00629812960557065,0.102194226451859));
#2721=CARTESIAN_POINT('',(0.17714673761924,-0.00618028733555695,0.102166563828103));
#2722=CARTESIAN_POINT('',(0.176743523070269,-0.0061853849518938,0.102542501198246));
#2723=CARTESIAN_POINT('',(0.176728638216885,-0.00617679107731716,0.102189382695949));
#2724=CARTESIAN_POINT('',(0.17701625561232,-0.00593523201778468,0.10218037122488));
#2725=CARTESIAN_POINT('',(0.176633605562744,-0.00612192404933537,0.10254250122488));
#2726=CARTESIAN_POINT('',(0.176633605562744,-0.00612192404933538,0.10218037122488));
#2727=CARTESIAN_POINT('',(0.176814670562744,-0.0058083102698629,0.10218037122488));
#2728=CARTESIAN_POINT('',(0.176633605562744,-0.00612192404933537,0.10254250122488));
#2729=CARTESIAN_POINT('',(0.176744230583344,-0.00618579343475794,0.10254250122488));
#2730=CARTESIAN_POINT('',(0.176814670562744,-0.00630781437584164,0.102527443803064));
#2731=CARTESIAN_POINT('',(0.176814670562744,-0.00643553782880783,0.102527443803064));
#2732=CARTESIAN_POINT('',(0.176633605562744,-0.00612192404933537,0.10254250122488));
#2733=CARTESIAN_POINT('',(0.176814670562744,-0.00580831026986291,0.10254250122488));
#2734=CARTESIAN_POINT('',(0.176452540562744,-0.00643553782880783,0.10254250122488));
#2735=CARTESIAN_POINT('',(0.176452540562744,-0.00643553782880783,0.10254250122488));
#2736=CARTESIAN_POINT('',(0.176452540562744,-0.00643553782880783,0.10281824122488));
#2737=CARTESIAN_POINT('',(0.176452540562744,-0.00643553782880783,0.10281824122488));
#2738=CARTESIAN_POINT('',(0.176633605562744,-0.00612192404933537,0.10281824122488));
#2739=CARTESIAN_POINT('',(0.176814670562744,-0.00580831026986291,0.10281824122488));
#2740=CARTESIAN_POINT('',(0.176814670562744,-0.0246935951274585,0.102804081855964));
#2741=CARTESIAN_POINT('',(0.176814670562744,-0.0246935951274586,0.103195682919367));
#2742=CARTESIAN_POINT('',(0.17720507607217,-0.0246935951274585,0.103165106276837));
#2743=CARTESIAN_POINT('',(0.176814670562744,-0.0248212164227975,0.10280408186259));
#2744=CARTESIAN_POINT('',(0.1768146705287,-0.0248104075536389,0.103195682915064));
#2745=CARTESIAN_POINT('',(0.177205075983036,-0.0249488377181365,0.103165106283818));
#2746=CARTESIAN_POINT('',(0.176743521995482,-0.0249437486249019,0.102818241199823));
#2747=CARTESIAN_POINT('',(0.176757868151606,-0.0249354658504376,0.103189056535425));
#2748=CARTESIAN_POINT('',(0.177051668256175,-0.0251939021794867,0.10318037122488));
#2749=CARTESIAN_POINT('',(0.176633605562743,-0.0250072089069314,0.10281824122488));
#2750=CARTESIAN_POINT('',(0.176633605562743,-0.0250072089069315,0.10318037122488));
#2751=CARTESIAN_POINT('',(0.176814670562742,-0.0253208226864043,0.10318037122488));
#2752=CARTESIAN_POINT('',(0.177176800562744,-0.0246935951274585,0.102804081855964));
#2753=CARTESIAN_POINT('',(0.176452540562744,-0.00643553782880783,0.0990803712248802));
#2754=CARTESIAN_POINT('',(0.176633605562744,-0.00612192404933537,0.10281824122488));
#2755=CARTESIAN_POINT('',(0.176744214672355,-0.00618578424854386,0.10281824122488));
#2756=CARTESIAN_POINT('',(0.176814670562744,-0.0063078309934156,0.102804081855964));
#2757=CARTESIAN_POINT('',(0.176814670562744,-0.00643553782880783,0.102804081855964));
#2758=CARTESIAN_POINT('',(0.177176800562744,0.0097,0.102804081855964));
#2759=CARTESIAN_POINT('',(0.177176800562744,-0.00643553782880783,0.102804081855964));
#2760=CARTESIAN_POINT('',(0.17720507607217,-0.00643553782880784,0.103165106276837));
#2761=CARTESIAN_POINT('',(0.176814670562744,-0.00643553782880784,0.103195682919367));
#2762=CARTESIAN_POINT('',(0.176814670562744,-0.00643553782880784,0.102804081855964));
#2763=CARTESIAN_POINT('',(0.177205075983036,-0.00618029523813049,0.103165106283818));
#2764=CARTESIAN_POINT('',(0.176814670528701,-0.00631872540262756,0.103195682915064));
#2765=CARTESIAN_POINT('',(0.176814670562744,-0.006307916533469,0.10280408186259));
#2766=CARTESIAN_POINT('',(0.177051668256172,-0.00593523077677856,0.10318037122488));
#2767=CARTESIAN_POINT('',(0.176757868151601,-0.00619366710582988,0.103189056535425));
#2768=CARTESIAN_POINT('',(0.176743521995479,-0.00618538433136286,0.102818241199823));
#2769=CARTESIAN_POINT('',(0.176814670562742,-0.00580831026986204,0.10318037122488));
#2770=CARTESIAN_POINT('',(0.176633605562743,-0.00612192404933488,0.10318037122488));
#2771=CARTESIAN_POINT('',(0.176633605562743,-0.00612192404933493,0.10281824122488));
#2772=CARTESIAN_POINT('',(0.175962602655647,-0.003,0.0520917698740959));
#2773=CARTESIAN_POINT('',(0.175962602655647,0.,0.0520917698740959));
#2774=CARTESIAN_POINT('',(0.170500785112381,0.,0.0520917698740959));
#2775=CARTESIAN_POINT('',(0.170500785112381,-0.003,0.0520917698740959));
#2776=CARTESIAN_POINT('',(0.170500785112381,-0.003,0.0520917698740959));
#2777=CARTESIAN_POINT('',(0.175962602655647,-0.003,0.0520917698740959));
#2778=CARTESIAN_POINT('',(0.170500785112381,-0.003,0.04886154203506));
#2779=CARTESIAN_POINT('',(0.170500785112381,0.,0.04886154203506));
#2780=CARTESIAN_POINT('',(0.170500785112381,0.,0.0456313141960241));
#2781=CARTESIAN_POINT('',(0.170500785112381,-0.003,0.0456313141960241));
#2782=CARTESIAN_POINT('',(0.170500785112381,-0.003,0.0456313141960241));
#2783=CARTESIAN_POINT('',(0.170500785112381,-0.003,0.04886154203506));
#2784=CARTESIAN_POINT('',(0.175962602655647,-0.003,0.0456313141960241));
#2785=CARTESIAN_POINT('',(0.175962602655647,0.,0.0456313141960241));
#2786=CARTESIAN_POINT('',(0.175962602655647,-0.003,0.0456313141960241));
#2787=CARTESIAN_POINT('',(0.175,-0.003,0.0475));
#2788=CARTESIAN_POINT('',(0.175,-0.003,0.0475));
#2789=CARTESIAN_POINT('',(0.173254186900671,-0.003,0.0475));
#2790=CARTESIAN_POINT('',(0.175,0.,0.0475));
#2791=CARTESIAN_POINT('',(0.173254186900671,0.,0.0475));
#2792=CARTESIAN_POINT('',(0.144742030289465,-0.003,0.0693377006053905));
#2793=CARTESIAN_POINT('',(0.144742030289465,0.,0.0693377006053905));
#2794=CARTESIAN_POINT('',(0.174917664017969,-0.003,0.0849808007478714));
#2795=CARTESIAN_POINT('',(0.174917664017969,0.,0.0849808007478714));
#2796=CARTESIAN_POINT('',(0.168397918343544,0.,0.0849808007478714));
#2797=CARTESIAN_POINT('',(0.174917664017969,-0.003,0.0849808007478714));
#2798=CARTESIAN_POINT('',(0.168397918343544,-0.003,0.0849808007478714));
#2799=CARTESIAN_POINT('',(0.168397918343544,-0.003,0.0849808007478714));
#2800=CARTESIAN_POINT('',(0.174917664017969,-0.003,0.0974254012107849));
#2801=CARTESIAN_POINT('',(0.174917664017969,0.,0.0974254012107849));
#2802=CARTESIAN_POINT('',(0.168397918343544,0.,0.0974254012107849));
#2803=CARTESIAN_POINT('',(0.168397918343544,-0.003,0.0974254012107849));
#2804=CARTESIAN_POINT('',(0.168397918343544,-0.003,0.0974254012107849));
#2805=CARTESIAN_POINT('',(0.174917664017969,-0.003,0.0974254012107849));
#2806=CARTESIAN_POINT('',(0.168397918343544,-0.003,0.0912031009793282));
#2807=CARTESIAN_POINT('',(0.168397918343544,0.,0.0912031009793282));
#2808=CARTESIAN_POINT('',(0.168397918343544,-0.003,0.0912031009793282));
#2809=CARTESIAN_POINT('',(0.174,-0.003,0.0895));
#2810=CARTESIAN_POINT('',(0.174,-0.003,0.0895));
#2811=CARTESIAN_POINT('',(0.172273443488101,-0.003,0.0895));
#2812=CARTESIAN_POINT('',(0.174,0.,0.0895));
#2813=CARTESIAN_POINT('',(0.172273443488101,0.,0.0895));
#2814=CARTESIAN_POINT('',(0.144742030289465,-0.003,0.0693377006053905));
#2815=CARTESIAN_POINT('',(0.144742030289465,0.,0.0693377006053905));
#2816=CARTESIAN_POINT('',(0.115496039390564,-0.003,0.0849129128039881));
#2817=CARTESIAN_POINT('',(0.115496039390564,-0.003,0.0849129128039881));
#2818=CARTESIAN_POINT('',(0.122945427894592,-0.003,0.0849129128039881));
#2819=CARTESIAN_POINT('',(0.115496039390564,0.,0.0849129128039881));
#2820=CARTESIAN_POINT('',(0.122945427894592,0.,0.0849129128039881));
#2821=CARTESIAN_POINT('',(0.122945427894592,-0.003,0.0849129128039881));
#2822=CARTESIAN_POINT('',(0.115496039390564,-0.003,0.0973874554038048));
#2823=CARTESIAN_POINT('',(0.115496039390564,-0.003,0.0973874554038048));
#2824=CARTESIAN_POINT('',(0.122945427894592,-0.003,0.0973874554038048));
#2825=CARTESIAN_POINT('',(0.122945427894592,-0.003,0.0973874554038048));
#2826=CARTESIAN_POINT('',(0.122945427894592,0.,0.0973874554038048));
#2827=CARTESIAN_POINT('',(0.115496039390564,0.,0.0973874554038048));
#2828=CARTESIAN_POINT('',(0.144742030289465,-0.003,0.0693377006053905));
#2829=CARTESIAN_POINT('',(0.1155,-0.003,0.0895));
#2830=CARTESIAN_POINT('',(0.113737500238172,-0.003,0.0895));
#2831=CARTESIAN_POINT('',(0.122945427894592,-0.003,0.0911501841038964));
#2832=CARTESIAN_POINT('',(0.144742030289465,0.,0.0693377006053905));
#2833=CARTESIAN_POINT('',(0.1155,0.,0.0895));
#2834=CARTESIAN_POINT('',(0.113737500238172,0.,0.0895));
#2835=CARTESIAN_POINT('',(0.122945427894592,0.,0.0911501841038964));
#2836=CARTESIAN_POINT('',(0.122945427894592,-0.003,0.0911501841038964));
#2837=CARTESIAN_POINT('',(0.1155,-0.003,0.0895));
#2838=CARTESIAN_POINT('',(0.113311563830427,-0.003,0.0456313141960241));
#2839=CARTESIAN_POINT('',(0.113311563830427,-0.003,0.0456313141960241));
#2840=CARTESIAN_POINT('',(0.118569739162922,-0.003,0.0456313141960241));
#2841=CARTESIAN_POINT('',(0.113311563830427,0.,0.0456313141960241));
#2842=CARTESIAN_POINT('',(0.118569739162922,0.,0.0456313141960241));
#2843=CARTESIAN_POINT('',(0.118569739162922,-0.003,0.0456313141960241));
#2844=CARTESIAN_POINT('',(0.113311563830427,-0.003,0.0525295846164227));
#2845=CARTESIAN_POINT('',(0.113311563830427,-0.003,0.0525295846164227));
#2846=CARTESIAN_POINT('',(0.118569739162922,-0.003,0.0525295846164227));
#2847=CARTESIAN_POINT('',(0.118569739162922,-0.003,0.0525295846164227));
#2848=CARTESIAN_POINT('',(0.118569739162922,0.,0.0525295846164227));
#2849=CARTESIAN_POINT('',(0.113311563830427,0.,0.0525295846164227));
#2850=CARTESIAN_POINT('',(0.144742030289465,-0.003,0.0693377006053905));
#2851=CARTESIAN_POINT('',(0.115,-0.003,0.0475));
#2852=CARTESIAN_POINT('',(0.113251101065062,-0.003,0.0475));
#2853=CARTESIAN_POINT('',(0.118569739162922,-0.003,0.0490804494062234));
#2854=CARTESIAN_POINT('',(0.144742030289465,0.,0.0693377006053905));
#2855=CARTESIAN_POINT('',(0.115,0.,0.0475));
#2856=CARTESIAN_POINT('',(0.113251101065062,0.,0.0475));
#2857=CARTESIAN_POINT('',(0.118569739162922,0.,0.0490804494062234));
#2858=CARTESIAN_POINT('',(0.118569739162922,-0.003,0.0490804494062234));
#2859=CARTESIAN_POINT('',(0.115,-0.003,0.0475));
#2860=CARTESIAN_POINT('',(0.112229694724083,-0.0284,0.0454764860868454));
#2861=CARTESIAN_POINT('',(0.107229694724083,-0.0274,0.0454764860868454));
#2862=CARTESIAN_POINT('',(0.112229694724083,-0.0284,0.0414764860868454));
#2863=CARTESIAN_POINT('',(0.144522182643413,-0.0284,0.0414764860868454));
#2864=CARTESIAN_POINT('',(0.176814670562744,-0.0284,0.0414764860868454));
#2865=CARTESIAN_POINT('',(0.108229694724083,-0.0284,0.0718284286558628));
#2866=CARTESIAN_POINT('',(0.107229694724083,-0.0274,0.0981803712248802));
#2867=CARTESIAN_POINT('',(0.176814670562744,-0.0284,0.0454764860868454));
#2868=CARTESIAN_POINT('',(0.180814670562744,-0.0284,0.0454764860868454));
#2869=CARTESIAN_POINT('',(0.112229694724083,-0.0284,0.0981803712248802));
#2870=CARTESIAN_POINT('',(0.112229694724083,-0.0274,0.10318037122488));
#2871=CARTESIAN_POINT('',(0.181814670562744,-0.0274,0.0718284286558628));
#2872=CARTESIAN_POINT('',(0.180814670562744,-0.0284,0.0981803712248802));
#2873=CARTESIAN_POINT('',(0.144522182643413,-0.0274,0.10318037122488));
#2874=CARTESIAN_POINT('',(0.176814670562744,-0.0274,0.10318037122488));
#2875=CARTESIAN_POINT('',(0.176814670562744,-0.0284,0.0981803712248803));
#2876=CARTESIAN_POINT('',(0.176814670562744,0.00933787,0.0454764860868454));
#2877=CARTESIAN_POINT('',(0.176814670562744,0.00933787,0.0411143560868454));
#2878=CARTESIAN_POINT('',(0.181176800562744,0.00933787,0.0454764860868454));
#2879=CARTESIAN_POINT('',(0.181176800562744,0.00933787,0.0718284286558628));
#2880=CARTESIAN_POINT('',(0.181176800562744,0.00933787,0.0981803712248802));
#2881=CARTESIAN_POINT('',(0.144522182643413,0.00933787,0.0411143560868454));
#2882=CARTESIAN_POINT('',(0.112229694724083,0.00933787,0.0411143560868454));
#2883=CARTESIAN_POINT('',(0.176814670562744,0.00933787,0.0981803712248803));
#2884=CARTESIAN_POINT('',(0.176814670562744,0.00933787,0.10254250122488));
#2885=CARTESIAN_POINT('',(0.112229694724083,0.00933787,0.0454764860868454));
#2886=CARTESIAN_POINT('',(0.107867564724083,0.00933787,0.0454764860868454));
#2887=CARTESIAN_POINT('',(0.144522182643413,0.00933787,0.10254250122488));
#2888=CARTESIAN_POINT('',(0.112229694724083,0.00933787,0.10254250122488));
#2889=CARTESIAN_POINT('',(0.107867564724083,0.00933787,0.0718284286558628));
#2890=CARTESIAN_POINT('',(0.107867564724083,0.00933787,0.0981803712248802));
#2891=CARTESIAN_POINT('',(0.112229694724083,0.00933787,0.0981803712248802));
#2892=CARTESIAN_POINT('',(0.176814670562744,0.00933787,0.0454764860868454));
#2893=CARTESIAN_POINT('',(0.176814670562744,0.00933787,0.0408386160868454));
#2894=CARTESIAN_POINT('',(0.181452540562744,0.00933787,0.0454764860868454));
#2895=CARTESIAN_POINT('',(0.181452540562744,0.00933787,0.0718284286558628));
#2896=CARTESIAN_POINT('',(0.181452540562744,0.00933787,0.0981803712248802));
#2897=CARTESIAN_POINT('',(0.144522182643413,0.00933787,0.0408386160868454));
#2898=CARTESIAN_POINT('',(0.112229694724083,0.00933787,0.0408386160868454));
#2899=CARTESIAN_POINT('',(0.176814670562744,0.00933787,0.0981803712248803));
#2900=CARTESIAN_POINT('',(0.176814670562744,0.00933787,0.10281824122488));
#2901=CARTESIAN_POINT('',(0.112229694724083,0.00933787,0.0454764860868454));
#2902=CARTESIAN_POINT('',(0.107591824724083,0.00933787,0.0454764860868454));
#2903=CARTESIAN_POINT('',(0.144522182643413,0.00933787,0.10281824122488));
#2904=CARTESIAN_POINT('',(0.112229694724083,0.00933787,0.10281824122488));
#2905=CARTESIAN_POINT('',(0.107591824724083,0.00933787,0.0718284286558628));
#2906=CARTESIAN_POINT('',(0.107591824724083,0.00933787,0.0981803712248802));
#2907=CARTESIAN_POINT('',(0.112229694724083,0.00933787,0.0981803712248802));
#2908=CARTESIAN_POINT('',(0.145552851259708,-0.000832837598863989,0.0654764860868454));
#2909=CARTESIAN_POINT('',(0.142074197530746,-0.000832837598863989,0.0654764860868454));
#2910=CARTESIAN_POINT('',(0.14903150498867,-0.000832837598863989,0.0654764860868454));
#2911=CARTESIAN_POINT('',(0.148374951330621,-0.00266920708236285,0.0654764860868454));
#2912=CARTESIAN_POINT('',(0.14903150498867,-0.0045055765658617,0.0654764860868454));
#2913=CARTESIAN_POINT('',(0.145552851259708,-0.0045055765658617,0.0654764860868454));
#2914=CARTESIAN_POINT('',(0.142074197530746,-0.00450557656586171,0.0654764860868454));
#2915=CARTESIAN_POINT('',(0.14249636798373,-0.00266920708236286,0.0654764860868454));
#2916=MECHANICAL_DESIGN_GEOMETRIC_PRESENTATION_REPRESENTATION('',(#1661),
#2917);
#2917=(
GEOMETRIC_REPRESENTATION_CONTEXT(3)
GLOBAL_UNCERTAINTY_ASSIGNED_CONTEXT((#2918))
GLOBAL_UNIT_ASSIGNED_CONTEXT((#2921,#2920,#2919))
REPRESENTATION_CONTEXT('Part 87','TOP_LEVEL_ASSEMBLY_PART')
);
#2918=UNCERTAINTY_MEASURE_WITH_UNIT(LENGTH_MEASURE(2.E-5),#2921,
'DISTANCE_ACCURACY_VALUE','Maximum Tolerance applied to model');
#2919=(
NAMED_UNIT(*)
SI_UNIT($,.STERADIAN.)
SOLID_ANGLE_UNIT()
);
#2920=(
NAMED_UNIT(*)
PLANE_ANGLE_UNIT()
SI_UNIT($,.RADIAN.)
);
#2921=(
LENGTH_UNIT()
NAMED_UNIT(*)
SI_UNIT($,.METRE.)
);
#2922=PRODUCT_DEFINITION_SHAPE('','',#2923);
#2923=PRODUCT_DEFINITION('','',#2925,#2924);
#2924=PRODUCT_DEFINITION_CONTEXT('',#2931,'design');
#2925=PRODUCT_DEFINITION_FORMATION_WITH_SPECIFIED_SOURCE('','',#2927,
 .NOT_KNOWN.);
#2926=PRODUCT_RELATED_PRODUCT_CATEGORY('','',(#2927));
#2927=PRODUCT('Part 87','Part 87','Part 87',(#2929));
#2928=PRODUCT_CATEGORY('','');
#2929=PRODUCT_CONTEXT('',#2931,'mechanical');
#2930=APPLICATION_PROTOCOL_DEFINITION('international standard',
'ap242_managed_model_based_3d_engineering',2020,#2931);
#2931=APPLICATION_CONTEXT('managed model based 3d engineering');
ENDSEC;
END-ISO-10303-21;
